Workbook
Name 姓名: [1]说明!$AB$2:$AB$99
Name 班号: [2]说明!$A$2:$A$49

Sheet Sheet1
A1: 考试顺序 | B1: 考试时间 | C1: 班号 | D1: 学号 | E1: 姓名 | F1: 语文 | G1: 数学 | H1: 英语 | I1: 物理 | J1: 化学 | K1: 政治 | L1: 历史 | M1: 地理 | N1: 生物 | O1: 总分 | P1: =F1&"级排名" -> 语文级排名 | Q1: =G1&"级排名" -> 数学级排名 | R1: =H1&"级排名" -> 英语级排名 | S1: =I1&"级排名" -> 物理级排名 | T1: =J1&"级排名" -> 化学级排名 | U1: =K1&"级排名" -> 政治级排名 | V1: =L1&"级排名" -> 历史级排名 | W1: =M1&"级排名" -> 地理级排名 | ... Y1: =O1&"级排名" -> 总分级排名 | Z1: 序号
A2: 1 | B2: 2025-12月考 | C2: 高一（20） | D2: 201851 | E2: 叶鑫 | F2: 97 | G2: 86 | H2: 81.3 | I2: 67 | J2: 68.166667 | K2: 0 | L2: 0 | M2: 0 | N2: 75.583333 | O2: =IF(SUM(F2:N2)=0,"缺考",SUM(F2:N2)) -> 475.05 | P2: 227 | Q2: 260 | R2: 449 | S2: 41 | T2: 483 | U2: 0 | V2: 0 | W2: 0 | X2: 215 | Y2: 170 | Z2: =(VLOOKUP(C2,[1]说明!$A:$B,2,0)*100+SUMPRODUCT(($C$2:C2=C2)*1)) -> 101
A3: 1 | B3: 2025-12月考 | C3: 高一（20） | D3: 201904 | E3: 陈富华 | F3: 86 | G3: 105 | H3: 75.7 | I3: 39 | J3: 71.916667 | K3: 0 | L3: 0 | M3: 0 | N3: 58 | O3: =IF(SUM(F3:N3)=0,"缺考",SUM(F3:N3)) -> 435.61667 | P3: 735 | Q3: 57 | R3: 618 | S3: 625 | T3: 365 | U3: 0 | V3: 0 | W3: 0 | X3: 691 | Y3: 422 | Z3: =(VLOOKUP(C3,[1]说明!$A:$B,2,0)*100+SUMPRODUCT(($C$2:C3=C3)*1)) -> 102
A4: 1 | B4: 2025-12月考 | C4: 高一（20） | D4: 201919 | E4: 黄志恩 | F4: 96 | G4: 96 | H4: 97.2 | I4: 36 | J4: 59 | K4: 0 | L4: 0 | M4: 0 | N4: 77.416667 | O4: =IF(SUM(F4:N4)=0,"缺考",SUM(F4:N4)) -> 461.61667 | P4: 269 | Q4: 132 | R4: 106 | S4: 704 | T4: 763 | U4: 0 | V4: 0 | W4: 0 | X4: 176 | Y4: 240 | Z4: =(VLOOKUP(C4,[1]说明!$A:$B,2,0)*100+SUMPRODUCT(($C$2:C4=C4)*1)) -> 103
A5: 1 | B5: 2025-12月考 | C5: 高一（20） | D5: 201958 | E5: 周虹源 | F5: 96 | G5: 80 | H5: 70 | I5: 86 | J5: 77.416667 | K5: 0 | L5: 0 | M5: 0 | N5: 80.166667 | O5: =IF(SUM(F5:N5)=0,"缺考",SUM(F5:N5)) -> 489.58333 | P5: 269 | Q5: 346 | R5: 767 | S5: 1 | T5: 196 | U5: 0 | V5: 0 | W5: 0 | X5: 125 | Y5: 119 | Z5: =(VLOOKUP(C5,[1]说明!$A:$B,2,0)*100+SUMPRODUCT(($C$2:C5=C5)*1)) -> 104
A6: 1 | B6: 2025-12月考 | C6: 高一（20） | D6: 201959 | E6: 朱晨昕 | F6: 87 | G6: 87 | H6: 101.9 | I6: 39 | J6: 67.25 | K6: 0 | L6: 0 | M6: 0 | N6: 60.375 | O6: =IF(SUM(F6:N6)=0,"缺考",SUM(F6:N6)) -> 442.525 | P6: 690 | Q6: 249 | R6: 52 | S6: 625 | T6: 518 | U6: 0 | V6: 0 | W6: 0 | X6: 650 | Y6: 368 | Z6: =(VLOOKUP(C6,[1]说明!$A:$B,2,0)*100+SUMPRODUCT(($C$2:C6=C6)*1)) -> 105
A7: 1 | B7: 2025-12月考 | C7: 高一（20） | D7: 202007 | E7: 陈梓轩 | F7: 97 | G7: 96 | H7: 81 | I7: 65 | J7: 82 | K7: 0 | L7: 0 | M7: 0 | N7: 73.75 | O7: =IF(SUM(F7:N7)=0,"缺考",SUM(F7:N7)) -> 494.75 | P7: 227 | Q7: 132 | R7: 458 | S7: 52 | T7: 100 | U7: 0 | V7: 0 | W7: 0 | X7: 263 | Y7: 99 | Z7: =(VLOOKUP(C7,[1]说明!$A:$B,2,0)*100+SUMPRODUCT(($C$2:C7=C7)*1)) -> 106
A8: 1 | B8: 2025-12月考 | C8: 高一（20） | D8: 202011 | E8: 古俊垚 | F8: 97 | G8: 95 | H8: 94.9 | I8: 49 | J8: 85.571429 | K8: 0 | L8: 0 | M8: 0 | N8: 81.083333 | O8: =IF(SUM(F8:N8)=0,"缺考",SUM(F8:N8)) -> 502.55476 | P8: 227 | Q8: 143 | R8: 135 | S8: 337 | T8: 37 | U8: 0 | V8: 0 | W8: 0 | X8: 104 | Y8: 76 | Z8: =(VLOOKUP(C8,[1]说明!$A:$B,2,0)*100+SUMPRODUCT(($C$2:C8=C8)*1)) -> 107
A9: 1 | B9: 2025-12月考 | C9: 高一（20） | D9: 202013 | E9: 何伟钧 | F9: 95 | G9: 87 | H9: 80.6 | I9: 46 | J9: 61.75 | K9: 0 | L9: 0 | M9: 0 | N9: 71 | O9: =IF(SUM(F9:N9)=0,"缺考",SUM(F9:N9)) -> 441.35 | P9: 312 | Q9: 249 | R9: 468 | S9: 416 | T9: 684 | U9: 0 | V9: 0 | W9: 0 | X9: 335 | Y9: 381 | Z9: =(VLOOKUP(C9,[1]说明!$A:$B,2,0)*100+SUMPRODUCT(($C$2:C9=C9)*1)) -> 108
A10: 1 | B10: 2025-12月考 | C10: 高一（20） | D10: 202020 | E10: 蓝千贺 | F10: 105 | G10: 103 | H10: 80.1 | I10: 55 | J10: 86.857143 | K10: 0 | L10: 0 | M10: 0 | N10: 85 | O10: =IF(SUM(F10:N10)=0,"缺考",SUM(F10:N10)) -> 514.95714 | P10: 37 | Q10: 69 | R10: 480 | S10: 194 | T10: 24 | U10: 0 | V10: 0 | W10: 0 | X10: 39 | Y10: 44 | Z10: =(VLOOKUP(C10,[1]说明!$A:$B,2,0)*100+SUMPRODUCT(($C$2:C10=C10)*1)) -> 109
A11: 1 | B11: 2025-12月考 | C11: 高一（20） | D11: 202022 | E11: 李皓林 | F11: 87 | G11: 69 | H11: 79 | I11: 40 | J11: 75.583333 | K11: 0 | L11: 0 | M11: 0 | N11: 77.416667 | O11: =IF(SUM(F11:N11)=0,"缺考",SUM(F11:N11)) -> 428 | P11: 690 | Q11: 528 | R11: 513 | S11: 595 | T11: 237 | U11: 0 | V11: 0 | W11: 0 | X11: 176 | Y11: 476 | Z11: =(VLOOKUP(C11,[1]说明!$A:$B,2,0)*100+SUMPRODUCT(($C$2:C11=C11)*1)) -> 110
A12: 1 | B12: 2025-12月考 | C12: 高一（20） | D12: 202040 | E12: 孙宇杰 | F12: 92 | G12: 53 | H12: 81 | I12: 55 | J12: 76.5 | K12: 0 | L12: 0 | M12: 0 | N12: 85 | O12: =IF(SUM(F12:N12)=0,"缺考",SUM(F12:N12)) -> 442.5 | P12: 465 | Q12: 770 | R12: 458 | S12: 194 | T12: 214 | U12: 0 | V12: 0 | W12: 0 | X12: 39 | Y12: 369 | Z12: =(VLOOKUP(C12,[1]说明!$A:$B,2,0)*100+SUMPRODUCT(($C$2:C12=C12)*1)) -> 111
A13: 1 | B13: 2025-12月考 | C13: 高一（20） | D13: 202109 | E13: 何珈霖 | F13: 107 | G13: 52 | H13: 101.9 | I13: 36 | J13: 56.454545 | K13: 0 | L13: 0 | M13: 0 | N13: 71.916667 | O13: =IF(SUM(F13:N13)=0,"缺考",SUM(F13:N13)) -> 425.27121 | P13: 14 | Q13: 787 | R13: 52 | S13: 704 | T13: 811 | U13: 0 | V13: 0 | W13: 0 | X13: 308 | Y13: 491 | Z13: =(VLOOKUP(C13,[1]说明!$A:$B,2,0)*100+SUMPRODUCT(($C$2:C13=C13)*1)) -> 112
A14: 1 | B14: 2025-12月考 | C14: 高一（20） | D14: 202256 | E14: 周嘉懿 | F14: 81 | G14: 102 | H14: 81.3 | I14: 51 | J14: 84.714286 | K14: 0 | L14: 0 | M14: 0 | N14: 77.416667 | O14: =IF(SUM(F14:N14)=0,"缺考",SUM(F14:N14)) -> 477.43095 | P14: 877 | Q14: 76 | R14: 449 | S14: 293 | T14: 49 | U14: 0 | V14: 0 | W14: 0 | X14: 176 | Y14: 161 | Z14: =(VLOOKUP(C14,[1]说明!$A:$B,2,0)*100+SUMPRODUCT(($C$2:C14=C14)*1)) -> 113
A15: 1 | Z15: =(VLOOKUP(C15,[1]说明!$A:$B,2,0)*100+SUMPRODUCT(($C$2:C15=C15)*1)) -> 201
A16: 1 | Z16: =(VLOOKUP(C16,[1]说明!$A:$B,2,0)*100+SUMPRODUCT(($C$2:C16=C16)*1)) -> 202
A17: 1 | Z17: =(VLOOKUP(C17,[1]说明!$A:$B,2,0)*100+SUMPRODUCT(($C$2:C17=C17)*1)) -> 203
A18: 1 | Z18: =(VLOOKUP(C18,[1]说明!$A:$B,2,0)*100+SUMPRODUCT(($C$2:C18=C18)*1)) -> 204
A19: 1 | Z19: =(VLOOKUP(C19,[1]说明!$A:$B,2,0)*100+SUMPRODUCT(($C$2:C19=C19)*1)) -> 205
A20: 1 | Z20: =(VLOOKUP(C20,[1]说明!$A:$B,2,0)*100+SUMPRODUCT(($C$2:C20=C20)*1)) -> 206
A21: 1 | Z21: =(VLOOKUP(C21,[1]说明!$A:$B,2,0)*100+SUMPRODUCT(($C$2:C21=C21)*1)) -> 207
A22: 1 | Z22: =(VLOOKUP(C22,[1]说明!$A:$B,2,0)*100+SUMPRODUCT(($C$2:C22=C22)*1)) -> 208
A23: 1 | Z23: =(VLOOKUP(C23,[1]说明!$A:$B,2,0)*100+SUMPRODUCT(($C$2:C23=C23)*1)) -> 209
A24: 1 | Z24: =(VLOOKUP(C24,[1]说明!$A:$B,2,0)*100+SUMPRODUCT(($C$2:C24=C24)*1)) -> 210
A25: 1 | Z25: =(VLOOKUP(C25,[1]说明!$A:$B,2,0)*100+SUMPRODUCT(($C$2:C25=C25)*1)) -> 211
A26: 1 | Z26: =(VLOOKUP(C26,[1]说明!$A:$B,2,0)*100+SUMPRODUCT(($C$2:C26=C26)*1)) -> 212
... A53: 1 | Z53: =(VLOOKUP(C53,[1]说明!$A:$B,2,0)*100+SUMPRODUCT(($C$2:C53=C53)*1)) -> 239

Sheet Sheet2
A1: ='[2]1'!A1 -> 考试顺序 | B1: ='[2]1'!B1 -> 考试时间 | C1: ='[2]1'!C1 -> 班号 | D1: ='[2]1'!D1 -> 学号 | E1: ='[2]1'!E1 -> 姓名 | F1: ='[2]1'!F1 -> 语文 | G1: ='[2]1'!G1 -> 数学 | H1: ='[2]1'!H1 -> 英语 | ... Y1: ='[2]1'!Y1 -> 总分级排名
A2: 2 | B2: 2025-12月考 | C2: 高一（20） | D2: 200107 | E2: 陈伟莹 | F2: 缺考 | G2: 42 | H2: 89.3 | I2: 缺考 | J2: 42.545455 | K2: 0 | L2: 0 | M2: 0 | N2: 54.357143 | O2: =IF(SUM(F2:N2)=0,"缺考",SUM(F2:N2)) -> 228.2026 | P2: 缺考 | Q2: 891 | R2: 241 | S2: 缺考 | T2: 914 | U2: 0 | V2: 0 | W2: 0 | X2: 729 | Y2: 989
A3: 2 | B3: 2025-12月考 | C3: 高一（20） | D3: 200110 | E3: 陈紫琪 | F3: 107 | G3: 69 | H3: 81.8 | I3: 42 | J3: 72.833333 | K3: 0 | L3: 0 | M3: 0 | N3: 74.666667 | O3: =IF(SUM(F3:N3)=0,"缺考",SUM(F3:N3)) -> 447.3 | P3: 14 | Q3: 528 | R3: 433 | S3: 534 | T3: 336 | U3: 0 | V3: 0 | W3: 0 | X3: 241 | Y3: 335
A4: 2 | B4: 2025-12月考 | C4: 高一（20） | D4: 200125 | E4: 刘晨曦 | F4: 84 | G4: 73 | H4: 76.4 | I4: 53 | J4: 79.25 | K4: 0 | L4: 0 | M4: 0 | N4: 85 | O4: =IF(SUM(F4:N4)=0,"缺考",SUM(F4:N4)) -> 450.65 | P4: 803 | Q4: 461 | R4: 592 | S4: 239 | T4: 151 | U4: 0 | V4: 0 | W4: 0 | X4: 39 | Y4: 312
A5: 2 | B5: 2025-12月考 | C5: 高一（20） | D5: 200131 | E5: 卢俊尚 | F5: 87 | G5: 88 | H5: 99.6 | I5: 44 | J5: 58 | K5: 0 | L5: 0 | M5: 0 | N5: 60.375 | O5: =IF(SUM(F5:N5)=0,"缺考",SUM(F5:N5)) -> 436.975 | P5: 690 | Q5: 231 | R5: 73 | S5: 475 | T5: 791 | U5: 0 | V5: 0 | W5: 0 | X5: 650 | Y5: 409
A6: 2 | B6: 2025-12月考 | C6: 高一（20） | D6: 200211 | E6: 何俊霖 | F6: 80 | G6: 80 | H6: 81.3 | I6: 45 | J6: 61.75 | K6: 0 | L6: 0 | M6: 0 | N6: 75.583333 | O6: =IF(SUM(F6:N6)=0,"缺考",SUM(F6:N6)) -> 423.63333 | P6: 893 | Q6: 346 | R6: 449 | S6: 447 | T6: 684 | U6: 0 | V6: 0 | W6: 0 | X6: 215 | Y6: 505
A7: 2 | B7: 2025-12月考 | C7: 高一（20） | D7: 200234 | E7: 龙誉 | F7: 91 | G7: 108 | H7: 88.2 | I7: 72 | J7: 84.714286 | K7: 0 | L7: 0 | M7: 0 | N7: 87 | O7: =IF(SUM(F7:N7)=0,"缺考",SUM(F7:N7)) -> 530.91429 | P7: 511 | Q7: 46 | R7: 262 | S7: 18 | T7: 49 | U7: 0 | V7: 0 | W7: 0 | X7: 26 | Y7: 21
A8: 2 | B8: 2025-12月考 | C8: 高一（20） | D8: 200237 | E8: 罗辉 | F8: 93 | G8: 92 | H8: 99.6 | I8: 58 | J8: 80.166667 | K8: 0 | L8: 0 | M8: 0 | N8: 71 | O8: =IF(SUM(F8:N8)=0,"缺考",SUM(F8:N8)) -> 493.76667 | P8: 414 | Q8: 179 | R8: 73 | S8: 138 | T8: 130 | U8: 0 | V8: 0 | W8: 0 | X8: 335 | Y8: 105
A9: 2 | B9: 2025-12月考 | C9: 高一（20） | D9: 200240 | E9: 庞宇晴 | F9: 90 | G9: 88 | H9: 82.6 | I9: 45 | J9: 77.416667 | K9: 0 | L9: 0 | M9: 0 | N9: 71.916667 | O9: =IF(SUM(F9:N9)=0,"缺考",SUM(F9:N9)) -> 454.93333 | P9: 558 | Q9: 231 | R9: 417 | S9: 447 | T9: 196 | U9: 0 | V9: 0 | W9: 0 | X9: 308 | Y9: 286
A10: 2 | B10: 2025-12月考 | C10: 高一（20） | D10: 200249 | E10: 吴建宏 | F10: 96 | G10: 72 | H10: 113.5 | I10: 66 | J10: 86.857143 | K10: 0 | L10: 0 | M10: 0 | N10: 88 | O10: =IF(SUM(F10:N10)=0,"缺考",SUM(F10:N10)) -> 522.35714 | P10: 269 | Q10: 479 | R10: 10 | S10: 45 | T10: 24 | U10: 0 | V10: 0 | W10: 0 | X10: 21 | Y10: 32
A11: 2 | B11: 2025-12月考 | C11: 高一（20） | D11: 200319 | E11: 李若佳 | F11: 98 | G11: 71 | H11: 89.4 | I11: 43 | J11: 63.583333 | K11: 0 | L11: 0 | M11: 0 | N11: 65.875 | O11: =IF(SUM(F11:N11)=0,"缺考",SUM(F11:N11)) -> 430.85833 | P11: 187 | Q11: 492 | R11: 235 | S11: 503 | T11: 626 | U11: 0 | V11: 0 | W11: 0 | X11: 487 | Y11: 461
A12: 2 | B12: 2025-12月考 | C12: 高一（20） | D12: 200339 | E12: 王天赐 | F12: 95 | G12: 72 | H12: 82.6 | I12: 75 | J12: 84.285714 | K12: 0 | L12: 0 | M12: 0 | N12: 76.5 | O12: =IF(SUM(F12:N12)=0,"缺考",SUM(F12:N12)) -> 485.38571 | P12: 312 | Q12: 479 | R12: 417 | S12: 13 | T12: 62 | U12: 0 | V12: 0 | W12: 0 | X12: 193 | Y12: 135
A13: 2 | B13: 2025-12月考 | C13: 高一（20） | D13: 200410 | E13: 黄健标 | F13: 96 | G13: 87 | H13: 94.9 | I13: 59 | J13: 64.5 | K13: 0 | L13: 0 | M13: 0 | N13: 80.166667 | O13: =IF(SUM(F13:N13)=0,"缺考",SUM(F13:N13)) -> 481.56667 | P13: 269 | Q13: 249 | R13: 135 | S13: 124 | T13: 603 | U13: 0 | V13: 0 | W13: 0 | X13: 125 | Y13: 145
A14: 2 | B14: 2025-12月考 | C14: 高一（20） | D14: 200419 | E14: 李志峰 | F14: 97 | G14: 100 | H14: 83.5 | I14: 52 | J14: 66.333333 | K14: 0 | L14: 0 | M14: 0 | N14: 61.75 | O14: =IF(SUM(F14:N14)=0,"缺考",SUM(F14:N14)) -> 460.58333 | P14: 227 | Q14: 98 | R14: 388 | S14: 260 | T14: 541 | U14: 0 | V14: 0 | W14: 0 | X14: 618 | Y14: 247
... A53: 2 | B53: 2025-12月考 | C53: 高一（20） | D53: 202256 | E53: 周嘉懿 | F53: 81 | G53: 102 | H53: 81.3 | I53: 51 | J53: 84.714286 | K53: 0 | L53: 0 | M53: 0 | N53: 77.416667 | O53: =IF(SUM(F53:N53)=0,"缺考",SUM(F53:N53)) -> 477.43095 | P53: 877 | Q53: 76 | R53: 449 | S53: 293 | T53: 49 | U53: 0 | V53: 0 | W53: 0 | X53: 176 | Y53: 161
