Workbook

Sheet 第一次月考
A1: 序号 | B1: 班级 | C1: 学号 | D1: 姓名 | E1: 性别 | F1: 选定组合 | G1: 考号 | H1: 物理六总 | I1: 市排名 | J1: 校排名 | K1: 物理四总 | L1: 市排名 | M1: 校排名 | N1: 语文 | O1: 市排名 | P1: 校排名 | Q1: 数学 | R1: 市排名 | S1: 校排名 | T1: 英语 | U1: 市排名 | V1: 校排名 | W1: 日语 | X1: 市排名 | Y1: 校排名 | Z1: 外语 | AA1: 外语校排 | AB1: 物理 | AC1: 市排名 | AD1: 校排名 | AE1: 化学原始 | AF1: 化赋 | AG1: 市排名 | AH1: 校排名 | AI1: 生物原始 | AJ1: 生赋 | AK1: 市排名 | AL1: 校排名 | AM1: 政治原始 | AN1: 政赋 | AO1: 市排名 | AP1: 校排名 | AQ1: 地理原始 | AR1: 地赋 | AS1: 市排名 | AT1: 校排名
A2: 379 | B2: 08 | C2: 08050101 | D2: 黄钰珊 | E2: 女 | F2: 物生地 | G2: 2005270801 | H2: 410.25 | I2: 10364 | J2: 495 | K2: =SUM(N2+Q2+T2+W2+AB2) -> 250.25 | L2: =VLOOKUP(G2,[1]物理类!$F:$Q,12,FALSE) -> 11322 | M2: =RANK(K2,K$2:K$916,0) -> 643 | N2: 112 | O2: 5002 | P2: =RANK(N2,N$2:N$9631,0) -> 90 | Q2: 64 | R2: 8801 | S2: 239 | T2: 36.25 | U2: 19538 | V2: 850 | Z2: =SUM(T2+W2) -> 36.25 | AA2: =RANK(Z2,Z$2:Z$9631,0) -> 908 | AB2: 38 | AC2: 10646 | AD2: 441 | AI2: 70 | AJ2: 85 | AK2: 1923 | AL2: 14 | AQ2: 72 | AR2: 75 | AS2: 5478 | AT2: 314
A3: 380 | B3: 08 | C3: 08051002 | D3: 杨锦滢 | E3: 女 | F3: 物生地 | G3: 2005270802 | H3: 412.38 | I3: 10257 | J3: 473 | K3: =SUM(N3+Q3+T3+W3+AB3) -> 260.38 | L3: =VLOOKUP(G3,[1]物理类!$F:$Q,12,FALSE) -> 10769 | M3: =RANK(K3,K$2:K$916,0) -> 552 | N3: 103.5 | O3: 11888 | P3: =RANK(N3,N$2:N$9631,0) -> 393 | Q3: 50 | R3: 12383 | S3: 453 | T3: 76.88 | U3: 13016 | V3: 458 | Z3: =SUM(T3+W3) -> 76.88 | AA3: =RANK(Z3,Z$2:Z$9631,0) -> 512 | AB3: 30 | AC3: 12137 | AD3: 653 | AI3: 59 | AJ3: 77 | AK3: 4706 | AL3: 125 | AQ3: 72 | AR3: 75 | AS3: 5478 | AT3: 314
A4: 381 | B4: 08 | C4: 08242603 | D4: 谢欣灵 | E4: 女 | F4: 物生地 | G4: 2005270803 | H4: 444.5 | I4: 8542 | J4: 235 | K4: =SUM(N4+Q4+T4+W4+AB4) -> 299.5 | L4: =VLOOKUP(G4,[1]物理类!$F:$Q,12,FALSE) -> 8359 | M4: =RANK(K4,K$2:K$916,0) -> 232 | N4: 117 | O4: 2103 | P4: =RANK(N4,N$2:N$9631,0) -> 23 | Q4: 48 | R4: 12936 | S4: 481 | T4: 92.5 | U4: 8522 | V4: 158 | Z4: =SUM(T4+W4) -> 92.5 | AA4: =RANK(Z4,Z$2:Z$9631,0) -> 193 | AB4: 42 | AC4: 9870 | AD4: 348 | AI4: 50 | AJ4: 72 | AK4: 6673 | AL4: 279 | AQ4: 71 | AR4: 73 | AS4: 5921 | AT4: 346
A5: 382 | B5: 08 | C5: 08141204 | D5: 谭殷蕾 | E5: 女 | F5: 物生地 | G5: 2005270804 | H5: 432.75 | I5: 9178 | J5: 321 | K5: =SUM(N5+Q5+T5+W5+AB5) -> 290.75 | L5: =VLOOKUP(G5,[1]物理类!$F:$Q,12,FALSE) -> 8923 | M5: =RANK(K5,K$2:K$916,0) -> 295 | N5: 103.5 | O5: 11888 | P5: =RANK(N5,N$2:N$9631,0) -> 393 | Q5: 70 | R5: 7359 | S5: 154 | T5: 66.25 | U5: 15619 | V5: 669 | Z5: =SUM(T5+W5) -> 66.25 | AA5: =RANK(Z5,Z$2:Z$9631,0) -> 727 | AB5: 51 | AC5: 7998 | AD5: 170 | AI5: 50 | AJ5: 72 | AK5: 6673 | AL5: 279 | AQ5: 68 | AR5: 70 | AS5: 7094 | AT5: 441
A6: 383 | B6: 08 | C6: 08233405 | D6: 李芷铭 | E6: 女 | F6: 物生地 | G6: 2005270805 | H6: 417.88 | I6: 9947 | J6: 430 | K6: =SUM(N6+Q6+T6+W6+AB6) -> 269.88 | L6: =VLOOKUP(G6,[1]物理类!$F:$Q,12,FALSE) -> 10212 | M6: =RANK(K6,K$2:K$916,0) -> 469 | N6: 104.5 | O6: 11039 | P6: =RANK(N6,N$2:N$9631,0) -> 356 | Q6: 55 | R6: 11089 | S6: 371 | T6: 69.38 | U6: 14913 | V6: 605 | Z6: =SUM(T6+W6) -> 69.38 | AA6: =RANK(Z6,Z$2:Z$9631,0) -> 661 | AB6: 41 | AC6: 10092 | AD6: 378 | AI6: 55 | AJ6: 75 | AK6: 5678 | AL6: 186 | AQ6: 71 | AR6: 73 | AS6: 5921 | AT6: 346
A7: 384 | B7: 08 | C7: 08060606 | D7: 刘倩巧 | E7: 女 | F7: 物生地 | G7: 2005270806 | H7: 439.25 | I7: 8824 | J7: 278 | K7: =SUM(N7+Q7+T7+W7+AB7) -> 285.25 | L7: =VLOOKUP(G7,[1]物理类!$F:$Q,12,FALSE) -> 9269 | M7: =RANK(K7,K$2:K$916,0) -> 338 | N7: 106.5 | O7: 9392 | P7: =RANK(N7,N$2:N$9631,0) -> 259 | Q7: 41 | R7: 14746 | S7: 622 | T7: 88.75 | U7: 9624 | V7: 211 | Z7: =SUM(T7+W7) -> 88.75 | AA7: =RANK(Z7,Z$2:Z$9631,0) -> 251 | AB7: 49 | AC7: 8412 | AD7: 198 | AI7: 62 | AJ7: 79 | AK7: 3903 | AL7: 69 | AQ7: 72 | AR7: 75 | AS7: 5478 | AT7: 314
A8: 385 | B8: 08 | C8: 08223607 | D8: 梁紫宜 | E8: 女 | F8: 物生地 | G8: 2005270807 | H8: 404.75 | I8: 10631 | J8: 535 | K8: =SUM(N8+Q8+T8+W8+AB8) -> 271.75 | L8: =VLOOKUP(G8,[1]物理类!$F:$Q,12,FALSE) -> 10085 | M8: =RANK(K8,K$2:K$916,0) -> 452 | N8: 101.5 | O8: 13507 | P8: =RANK(N8,N$2:N$9631,0) -> 476 | Q8: 48 | R8: 12936 | S8: 481 | T8: 76.25 | U8: 13173 | V8: 471 | Z8: =SUM(T8+W8) -> 76.25 | AA8: =RANK(Z8,Z$2:Z$9631,0) -> 525 | AB8: 46 | AC8: 9052 | AD8: 261 | AI8: 41 | AJ8: 66 | AK8: 8684 | AL8: 507 | AQ8: 65 | AR8: 67 | AS8: 8036 | AT8: 502
A9: 386 | B9: 08 | C9: 08121708 | D9: 李咏恩 | E9: 女 | F9: 物生地 | G9: 2005270808 | H9: 395.88 | I9: 11057 | J9: 599 | K9: =SUM(N9+Q9+T9+W9+AB9) -> 241.88 | L9: =VLOOKUP(G9,[1]物理类!$F:$Q,12,FALSE) -> 11755 | M9: =RANK(K9,K$2:K$916,0) -> 712 | N9: 107.5 | O9: 8551 | P9: =RANK(N9,N$2:N$9631,0) -> 228 | Q9: 43 | R9: 14226 | S9: 583 | T9: 59.38 | U9: 17022 | V9: 755 | Z9: =SUM(T9+W9) -> 59.38 | AA9: =RANK(Z9,Z$2:Z$9631,0) -> 813 | AB9: 32 | AC9: 11800 | AD9: 607 | AI9: 66 | AJ9: 82 | AK9: 2956 | AL9: 36 | AQ9: 70 | AR9: 72 | AS9: 6342 | AT9: 385
A10: 387 | B10: 08 | C10: 08201109 | D10: 甘丽华 | E10: 女 | F10: 物生地 | G10: 2005270809 | H10: 473.63 | I10: 6848 | J10: 107 | K10: =SUM(N10+Q10+T10+W10+AB10) -> 310.63 | L10: =VLOOKUP(G10,[1]物理类!$F:$Q,12,FALSE) -> 7574 | M10: =RANK(K10,K$2:K$916,0) -> 161 | N10: 99.5 | O10: 14955 | P10: =RANK(N10,N$2:N$9631,0) -> 575 | Q10: 86 | R10: 3668 | S10: 44 | T10: 78.13 | U10: 12671 | V10: 426 | Z10: =SUM(T10+W10) -> 78.13 | AA10: =RANK(Z10,Z$2:Z$9631,0) -> 478 | AB10: 47 | AC10: 8842 | AD10: 239 | AI10: 53 | AJ10: 74 | AK10: 5937 | AL10: 211 | AQ10: 86 | AR10: 89 | AS10: 329 | AT10: 4
A11: 388 | B11: 08 | C11: 08092710 | D11: 覃建鹏 | E11: 男 | F11: 物生地 | G11: 2005270810 | H11: 380.63 | I11: 11755 | J11: 706 | K11: =SUM(N11+Q11+T11+W11+AB11) -> 241.63 | L11: =VLOOKUP(G11,[1]物理类!$F:$Q,12,FALSE) -> 11764 | M11: =RANK(K11,K$2:K$916,0) -> 714 | N11: 100.5 | O11: 14261 | P11: =RANK(N11,N$2:N$9631,0) -> 527 | Q11: 33 | R11: 16960 | S11: 740 | T11: 88.13 | U11: 9801 | V11: 219 | Z11: =SUM(T11+W11) -> 88.13 | AA11: =RANK(Z11,Z$2:Z$9631,0) -> 261 | AB11: 20 | AC11: 13637 | AD11: 850 | AI11: 41 | AJ11: 66 | AK11: 8684 | AL11: 507 | AQ11: 71 | AR11: 73 | AS11: 5921 | AT11: 346
A12: 389 | B12: 08 | C12: 08072811 | D12: 林婧恩 | E12: 女 | F12: 物生地 | G12: 2005270811 | H12: 364 | I12: 12423 | J12: 787 | K12: =SUM(N12+Q12+T12+W12+AB12) -> 232 | L12: =VLOOKUP(G12,[1]物理类!$F:$Q,12,FALSE) -> 12180 | M12: =RANK(K12,K$2:K$916,0) -> 772 | N12: 89 | O12: 19656 | P12: =RANK(N12,N$2:N$9631,0) -> 853 | Q12: 55 | R12: 11089 | S12: 371 | T12: 65 | U12: 15898 | V12: 689 | Z12: =SUM(T12+W12) -> 65 | AA12: =RANK(Z12,Z$2:Z$9631,0) -> 747 | AB12: 23 | AC12: 13250 | AD12: 812 | AI12: 37 | AJ12: 64 | AK12: 9144 | AL12: 559 | AQ12: 66 | AR12: 68 | AS12: 7744 | AT12: 481
A13: 390 | B13: 08 | C13: 08070412 | D13: 钟晋杰 | E13: 男 | F13: 物生地 | G13: 2005270812 | H13: 374.88 | I13: 12003 | J13: 737 | K13: =SUM(N13+Q13+T13+W13+AB13) -> 238.88 | L13: =VLOOKUP(G13,[1]物理类!$F:$Q,12,FALSE) -> 11890 | M13: =RANK(K13,K$2:K$916,0) -> 732 | N13: 101.5 | O13: 13507 | P13: =RANK(N13,N$2:N$9631,0) -> 476 | Q13: 18 | R13: 20407 | S13: 885 | T13: 94.38 | U13: 7967 | V13: 135 | Z13: =SUM(T13+W13) -> 94.38 | AA13: =RANK(Z13,Z$2:Z$9631,0) -> 169 | AB13: 25 | AC13: 12950 | AD13: 769 | AI13: 49 | AJ13: 71 | AK13: 7169 | AL13: 332 | AQ13: 62 | AR13: 65 | AS13: 8742 | AT13: 537
... A22: 399 | B22: 08 | C22: 08111921 | D22: 李霖浩 | E22: 男 | F22: 物生地 | G22: 2005270821 | H22: 409.38 | I22: 10407 | J22: 504 | K22: =SUM(N22+Q22+T22+W22+AB22) -> 270.38 | L22: =VLOOKUP(G22,[1]物理类!$F:$Q,12,FALSE) -> 10177 | M22: =RANK(K22,K$2:K$916,0) -> 462 | N22: 99.5 | O22: 14955 | P22: =RANK(N22,N$2:N$9631,0) -> 575 | Q22: 59 | R22: 10048 | S22: 312 | T22: 71.88 | U22: 14322 | V22: 547 | Z22: =SUM(T22+W22) -> 71.88 | AA22: =RANK(Z22,Z$2:Z$9631,0) -> 603 | AB22: 40 | AC22: 10281 | AD22: 403 | AI22: 55 | AJ22: 75 | AK22: 5678 | AL22: 186 | AQ22: 61 | AR22: 64 | AS22: 8948 | AT22: 551
A23: 400 | B23: 08 | C23: 08194422 | D23: 苏颖妍 | E23: 女 | F23: 物生地 | G23: 2005270822 | Z23: =SUM(T23+W23) -> 0 | AA23: =RANK(Z23,Z$2:Z$9631,0) -> 910
A24: 401 | B24: 08 | C24: 08064823 | D24: 陈佳铃 | E24: 女 | F24: 物生地 | G24: 2005270823 | H24: 414 | I24: 10161 | J24: 461 | K24: =SUM(N24+Q24+T24+W24+AB24) -> 266 | L24: =VLOOKUP(G24,[1]物理类!$F:$Q,12,FALSE) -> 10437 | M24: =RANK(K24,K$2:K$916,0) -> 511 | N24: 105 | O24: 10617 | P24: =RANK(N24,N$2:N$9631,0) -> 326 | Q24: 42 | R24: 14477 | S24: 604 | T24: 85 | U24: 10715 | V24: 274 | Z24: =SUM(T24+W24) -> 85 | AA24: =RANK(Z24,Z$2:Z$9631,0) -> 319 | AB24: 34 | AC24: 11425 | AD24: 548 | AI24: 48 | AJ24: 70 | AK24: 7403 | AL24: 358 | AQ24: 75 | AR24: 78 | AS24: 4148 | AT24: 210
A25: 402 | B25: 08 | C25: 08081124 | D25: 梁军博 | E25: 男 | F25: 物生地 | G25: 2005270824 | H25: 416 | I25: 10052 | J25: 447 | K25: =SUM(N25+Q25+T25+W25+AB25) -> 275 | L25: =VLOOKUP(G25,[1]物理类!$F:$Q,12,FALSE) -> 9895 | M25: =RANK(K25,K$2:K$916,0) -> 423 | N25: 93.5 | O25: 18120 | P25: =RANK(N25,N$2:N$9631,0) -> 772 | Q25: 41 | R25: 14746 | S25: 622 | T25: 92.5 | U25: 8522 | V25: 158 | Z25: =SUM(T25+W25) -> 92.5 | AA25: =RANK(Z25,Z$2:Z$9631,0) -> 193 | AB25: 48 | AC25: 8615 | AD25: 225 | AI25: 47 | AJ25: 69 | AK25: 7597 | AL25: 380 | AQ25: 70 | AR25: 72 | AS25: 6342 | AT25: 385
A26: 403 | B26: 08 | C26: 08210325 | D26: 孔繁铖 | E26: 男 | F26: 物生地 | G26: 2005270825 | H26: 419.75 | I26: 9852 | J26: 417 | K26: =SUM(N26+Q26+T26+W26+AB26) -> 280.75 | L26: =VLOOKUP(G26,[1]物理类!$F:$Q,12,FALSE) -> 9537 | M26: =RANK(K26,K$2:K$916,0) -> 366 | N26: 95.5 | O26: 17203 | P26: =RANK(N26,N$2:N$9631,0) -> 725 | Q26: 48 | R26: 12936 | S26: 481 | T26: 91.25 | U26: 8894 | V26: 176 | Z26: =SUM(T26+W26) -> 91.25 | AA26: =RANK(Z26,Z$2:Z$9631,0) -> 213 | AB26: 46 | AC26: 9052 | AD26: 261 | AI26: 53 | AJ26: 74 | AK26: 5937 | AL26: 211 | AQ26: 62 | AR26: 65 | AS26: 8742 | AT26: 537
A27: 404 | B27: 08 | C27: 08011326 | D27: 罗凯鑫 | E27: 男 | F27: 物生地 | G27: 2005270826 | H27: 365.75 | I27: 12350 | J27: 774 | K27: =SUM(N27+Q27+T27+W27+AB27) -> 229.75 | L27: =VLOOKUP(G27,[1]物理类!$F:$Q,12,FALSE) -> 12272 | M27: =RANK(K27,K$2:K$916,0) -> 786 | N27: 99 | O27: 15281 | P27: =RANK(N27,N$2:N$9631,0) -> 591 | Q27: 30 | R27: 17706 | S27: 780 | T27: 73.75 | U27: 13842 | V27: 513 | Z27: =SUM(T27+W27) -> 73.75 | AA27: =RANK(Z27,Z$2:Z$9631,0) -> 568 | AB27: 27 | AC27: 12644 | AD27: 728 | AI27: 42 | AJ27: 67 | AK27: 8374 | AL27: 465 | AQ27: 67 | AR27: 69 | AS27: 7451 | AT27: 463
A28: 405 | B28: 08 | C28: 08161127 | D28: 冼晓婷 | E28: 女 | F28: 物生地 | G28: 2005270827 | H28: 409.88 | I28: 10382 | J28: 497 | K28: =SUM(N28+Q28+T28+W28+AB28) -> 252.88 | L28: =VLOOKUP(G28,[1]物理类!$F:$Q,12,FALSE) -> 11182 | M28: =RANK(K28,K$2:K$916,0) -> 615 | N28: 92.5 | O28: 18517 | P28: =RANK(N28,N$2:N$9631,0) -> 796 | Q28: 46 | R28: 13454 | S28: 525 | T28: 89.38 | U28: 9437 | V28: 196 | Z28: =SUM(T28+W28) -> 89.38 | AA28: =RANK(Z28,Z$2:Z$9631,0) -> 236 | AB28: 25 | AC28: 12950 | AD28: 769 | AI28: 51 | AJ28: 72 | AK28: 6673 | AL28: 279 | AQ28: 81 | AR28: 85 | AS28: 1346 | AT28: 39
A29: 406 | B29: 08 | C29: 08103128 | D29: 邓祥辉 | E29: 男 | F29: 物生地 | G29: 2005270828 | H29: 412.38 | I29: 10257 | J29: 473 | K29: =SUM(N29+Q29+T29+W29+AB29) -> 276.38 | L29: =VLOOKUP(G29,[1]物理类!$F:$Q,12,FALSE) -> 9810 | M29: =RANK(K29,K$2:K$916,0) -> 406 | N29: 101 | O29: 13862 | P29: =RANK(N29,N$2:N$9631,0) -> 499 | Q29: 44 | R29: 13946 | S29: 565 | T29: 74.38 | U29: 13667 | V29: 506 | Z29: =SUM(T29+W29) -> 74.38 | AA29: =RANK(Z29,Z$2:Z$9631,0) -> 561 | AB29: 57 | AC29: 6643 | AD29: 96 | AI29: 45 | AJ29: 68 | AK29: 7991 | AL29: 425 | AQ29: 66 | AR29: 68 | AS29: 7744 | AT29: 481
A30: 407 | B30: 08 | C30: 08041629 | D30: 林鹏程 | E30: 男 | F30: 物生地 | G30: 2005270829 | H30: 302.88 | I30: 13948 | J30: 904 | K30: =SUM(N30+Q30+T30+W30+AB30) -> 166.88 | L30: =VLOOKUP(G30,[1]物理类!$F:$Q,12,FALSE) -> 13857 | M30: =RANK(K30,K$2:K$916,0) -> 907 | N30: 85 | O30: 20433 | P30: =RANK(N30,N$2:N$9631,0) -> 880 | Q30: 10 | R30: 21360 | S30: 904 | T30: 51.88 | U30: 18226 | V30: 813 | Z30: =SUM(T30+W30) -> 51.88 | AA30: =RANK(Z30,Z$2:Z$9631,0) -> 871 | AB30: 20 | AC30: 13637 | AD30: 850 | AI30: 38 | AJ30: 64 | AK30: 9144 | AL30: 559 | AQ30: 70 | AR30: 72 | AS30: 6342 | AT30: 385
A31: 408 | B31: 08 | C31: 08063630 | D31: 高子涵 | E31: 女 | F31: 物生地 | G31: 2005270830 | H31: 348 | I31: 12965 | J31: 851 | K31: =SUM(N31+Q31+T31+W31+AB31) -> 207 | L31: =VLOOKUP(G31,[1]物理类!$F:$Q,12,FALSE) -> 13062 | M31: =RANK(K31,K$2:K$916,0) -> 872 | N31: 92.5 | O31: 18517 | P31: =RANK(N31,N$2:N$9631,0) -> 796 | Q31: 28 | R31: 18213 | S31: 804 | T31: 52.5 | U31: 18139 | V31: 811 | Z31: =SUM(T31+W31) -> 52.5 | AA31: =RANK(Z31,Z$2:Z$9631,0) -> 869 | AB31: 34 | AC31: 11425 | AD31: 548 | AI31: 40 | AJ31: 65 | AK31: 8848 | AL31: 526 | AQ31: 73 | AR31: 76 | AS31: 5040 | AT31: 283
A32: 409 | B32: 08 | C32: 08044431 | D32: 李心悦 | E32: 女 | F32: 物生地 | G32: 2005270831 | H32: 407.88 | I32: 10485 | J32: 517 | K32: =SUM(N32+Q32+T32+W32+AB32) -> 256.88 | L32: =VLOOKUP(G32,[1]物理类!$F:$Q,12,FALSE) -> 10962 | M32: =RANK(K32,K$2:K$916,0) -> 582 | N32: 109.5 | O32: 6880 | P32: =RANK(N32,N$2:N$9631,0) -> 152 | Q32: 46 | R32: 13454 | S32: 525 | T32: 64.38 | U32: 16034 | V32: 697 | Z32: =SUM(T32+W32) -> 64.38 | AA32: =RANK(Z32,Z$2:Z$9631,0) -> 755 | AB32: 37 | AC32: 10849 | AD32: 463 | AI32: 55 | AJ32: 75 | AK32: 5678 | AL32: 186 | AQ32: 73 | AR32: 76 | AS32: 5040 | AT32: 283
A33: 410 | B33: 08 | C33: 08131832 | D33: 黄善 | E33: 男 | F33: 物生地 | G33: 2005270832 | H33: 411.13 | I33: 10318 | J33: 486 | K33: =SUM(N33+Q33+T33+W33+AB33) -> 259.13 | L33: =VLOOKUP(G33,[1]物理类!$F:$Q,12,FALSE) -> 10836 | M33: =RANK(K33,K$2:K$916,0) -> 565 | N33: 110 | O33: 6475 | P33: =RANK(N33,N$2:N$9631,0) -> 140 | Q33: 40 | R33: 15025 | S33: 642 | T33: 78.13 | U33: 12671 | V33: 426 | Z33: =SUM(T33+W33) -> 78.13 | AA33: =RANK(Z33,Z$2:Z$9631,0) -> 478 | AB33: 31 | AC33: 11968 | AD33: 629 | AI33: 54 | AJ33: 74 | AK33: 5937 | AL33: 211 | AQ33: 75 | AR33: 78 | AS33: 4148 | AT33: 210
A34: 411 | B34: 08 | C34: 08034233 | D34: 梁浩 | E34: 男 | F34: 物生地 | G34: 2005270833 | H34: 372.75 | I34: 12079 | J34: 746 | K34: =SUM(N34+Q34+T34+W34+AB34) -> 223.75 | L34: =VLOOKUP(G34,[1]物理类!$F:$Q,12,FALSE) -> 12486 | M34: =RANK(K34,K$2:K$916,0) -> 811 | N34: 94 | O34: 17891 | P34: =RANK(N34,N$2:N$9631,0) -> 760 | Q34: 0 | R34: 21720 | S34: 909 | T34: 98.75 | U34: 6736 | V34: 83 | Z34: =SUM(T34+W34) -> 98.75 | AA34: =RANK(Z34,Z$2:Z$9631,0) -> 108 | AB34: 31 | AC34: 11968 | AD34: 629 | AI34: 45 | AJ34: 68 | AK34: 7991 | AL34: 425 | AQ34: 77 | AR34: 81 | AS34: 3262 | AT34: 150
A35: 412 | B35: 08 | C35: 08183934 | D35: 何泽恩 | E35: 男 | F35: 物生地 | G35: 2005270834 | H35: 364.38 | I35: 12404 | J35: 783 | K35: =SUM(N35+Q35+T35+W35+AB35) -> 217.38 | L35: =VLOOKUP(G35,[1]物理类!$F:$Q,12,FALSE) -> 12746 | M35: =RANK(K35,K$2:K$916,0) -> 841 | N35: 110.5 | O35: 6084 | P35: =RANK(N35,N$2:N$9631,0) -> 121 | Q35: 21 | R35: 19866 | S35: 870 | T35: 66.88 | U35: 15469 | V35: 656 | Z35: =SUM(T35+W35) -> 66.88 | AA35: =RANK(Z35,Z$2:Z$9631,0) -> 714 | AB35: 19 | AC35: 13758 | AD35: 862 | AI35: 42 | AJ35: 67 | AK35: 8374 | AL35: 465 | AQ35: 76 | AR35: 80 | AS35: 3690 | AT35: 180
... A55: 432 | B55: 08 | C55: 08034554 | D55: 黄斌 | E55: 男 | F55: 物生地 | G55: 2005270854 | H55: 357 | I55: 12638 | J55: 817 | K55: =SUM(N55+Q55+T55+W55+AB55) -> 219 | L55: =VLOOKUP(G55,[1]物理类!$F:$Q,12,FALSE) -> 12689 | M55: =RANK(K55,K$2:K$916,0) -> 839 | N55: 93.5 | O55: 18120 | P55: =RANK(N55,N$2:N$9631,0) -> 772 | Q55: 15 | R55: 20820 | S55: 896 | T55: 67.5 | U55: 15336 | V55: 646 | Z55: =SUM(T55+W55) -> 67.5 | AA55: =RANK(Z55,Z$2:Z$9631,0) -> 703 | AB55: 43 | AC55: 9674 | AD55: 324 | AI55: 35 | AJ55: 62 | AK55: 9471 | AL55: 589 | AQ55: 73 | AR55: 76 | AS55: 5040 | AT55: 283
A56: 434 | B56: 09 | C56: 09131401 | D56: 杜镇廷 | E56: 男 | F56: 物生政 | G56: 2005270901 | H56: 544.25 | I56: 2897 | J56: 12 | K56: =SUM(N56+Q56+T56+W56+AB56) -> 378.25 | L56: =VLOOKUP(G56,[1]物理类!$F:$Q,12,FALSE) -> 2885 | M56: =RANK(K56,K$2:K$916,0) -> 11 | N56: 111.5 | O56: 5395 | P56: =RANK(N56,N$2:N$9631,0) -> 102 | Q56: 83 | R56: 4317 | S56: 58 | T56: 118.75 | U56: 2009 | V56: 6 | Z56: =SUM(T56+W56) -> 118.75 | AA56: =RANK(Z56,Z$2:Z$9631,0) -> 13 | AB56: 65 | AC56: 4907 | AD56: 42 | AI56: 69 | AJ56: 84 | AK56: 2318 | AL56: 21 | AM56: 59 | AN56: 82 | AO56: 2554 | AP56: 118
A57: 435 | B57: 09 | C57: 09110302 | D57: 张艺珊 | E57: 女 | F57: 物生政 | G57: 2005270902 | H57: 417.63 | I57: 9960 | J57: 432 | K57: =SUM(N57+Q57+T57+W57+AB57) -> 269.63 | L57: =VLOOKUP(G57,[1]物理类!$F:$Q,12,FALSE) -> 10227 | M57: =RANK(K57,K$2:K$916,0) -> 470 | N57: 105.5 | O57: 10233 | P57: =RANK(N57,N$2:N$9631,0) -> 306 | Q57: 40 | R57: 15025 | S57: 642 | T57: 83.13 | U57: 11258 | V57: 316 | Z57: =SUM(T57+W57) -> 83.13 | AA57: =RANK(Z57,Z$2:Z$9631,0) -> 362 | AB57: 41 | AC57: 10092 | AD57: 378 | AI57: 52 | AJ57: 73 | AK57: 6415 | AL57: 262 | AM57: 52 | AN57: 75 | AO57: 4661 | AP57: 296
A58: 436 | B58: 09 | C58: 09070603 | D58: 梁思睿 | E58: 女 | F58: 物生政 | G58: 2005270903 | H58: 426 | I58: 9533 | J58: 364 | K58: =SUM(N58+Q58+T58+W58+AB58) -> 275 | L58: =VLOOKUP(G58,[1]物理类!$F:$Q,12,FALSE) -> 9895 | M58: =RANK(K58,K$2:K$916,0) -> 423 | N58: 100 | O58: 14571 | P58: =RANK(N58,N$2:N$9631,0) -> 546 | Q58: 43 | R58: 14226 | S58: 583 | T58: 100 | U58: 6407 | V58: 69 | Z58: =SUM(T58+W58) -> 100 | AA58: =RANK(Z58,Z$2:Z$9631,0) -> 93 | AB58: 32 | AC58: 11800 | AD58: 607 | AI58: 48 | AJ58: 70 | AK58: 7403 | AL58: 358 | AM58: 58 | AN58: 81 | AO58: 2853 | AP58: 142
A59: 437 | B59: 09 | C59: 09181804 | D59: 陈育瑶 | E59: 女 | F59: 物生政 | G59: 2005270904 | H59: 436.25 | I59: 8995 | J59: 300 | K59: =SUM(N59+Q59+T59+W59+AB59) -> 284.25 | L59: =VLOOKUP(G59,[1]物理类!$F:$Q,12,FALSE) -> 9333 | M59: =RANK(K59,K$2:K$916,0) -> 347 | N59: 99.5 | O59: 14955 | P59: =RANK(N59,N$2:N$9631,0) -> 575 | Q59: 67 | R59: 8089 | S59: 190 | T59: 93.75 | U59: 8156 | V59: 143 | Z59: =SUM(T59+W59) -> 93.75 | AA59: =RANK(Z59,Z$2:Z$9631,0) -> 178 | AB59: 24 | AC59: 13102 | AD59: 785 | AI59: 56 | AJ59: 76 | AK59: 5201 | AL59: 147 | AM59: 53 | AN59: 76 | AO59: 4357 | AP59: 270
A60: 438 | B60: 09 | C60: 09040605 | D60: 谭语涵 | E60: 女 | F60: 物生政 | G60: 2005270905 | H60: 452.75 | I60: 8064 | J60: 188 | K60: =SUM(N60+Q60+T60+W60+AB60) -> 297.75 | L60: =VLOOKUP(G60,[1]物理类!$F:$Q,12,FALSE) -> 8488 | M60: =RANK(K60,K$2:K$916,0) -> 244 | N60: 104.5 | O60: 11039 | P60: =RANK(N60,N$2:N$9631,0) -> 356 | Q60: 53 | R60: 11613 | S60: 400 | T60: 101.25 | U60: 6084 | V60: 59 | Z60: =SUM(T60+W60) -> 101.25 | AA60: =RANK(Z60,Z$2:Z$9631,0) -> 81 | AB60: 39 | AC60: 10485 | AD60: 424 | AI60: 59 | AJ60: 77 | AK60: 4706 | AL60: 125 | AM60: 55 | AN60: 78 | AO60: 3738 | AP60: 223
A61: 439 | B61: 09 | C61: 09112106 | D61: 郑可馨 | E61: 女 | F61: 物生政 | G61: 2005270906 | H61: 380.75 | I61: 11746 | J61: 703 | K61: =SUM(N61+Q61+T61+W61+AB61) -> 237.75 | L61: =VLOOKUP(G61,[1]物理类!$F:$Q,12,FALSE) -> 11933 | M61: =RANK(K61,K$2:K$916,0) -> 739 | N61: 101 | O61: 13862 | P61: =RANK(N61,N$2:N$9631,0) -> 499 | Q61: 27 | R61: 18461 | S61: 819 | T61: 78.75 | U61: 12496 | V61: 407 | Z61: =SUM(T61+W61) -> 78.75 | AA61: =RANK(Z61,Z$2:Z$9631,0) -> 457 | AB61: 31 | AC61: 11968 | AD61: 629 | AI61: 43 | AJ61: 67 | AK61: 8374 | AL61: 465 | AM61: 53 | AN61: 76 | AO61: 4357 | AP61: 270
A62: 440 | B62: 09 | C62: 09010507 | D62: 林浴菁 | E62: 女 | F62: 物生政 | G62: 2005270907 | H62: 442.25 | I62: 8665 | J62: 251 | K62: =SUM(N62+Q62+T62+W62+AB62) -> 290.25 | L62: =VLOOKUP(G62,[1]物理类!$F:$Q,12,FALSE) -> 8960 | M62: =RANK(K62,K$2:K$916,0) -> 300 | N62: 102.5 | O62: 12724 | P62: =RANK(N62,N$2:N$9631,0) -> 433 | Q62: 58 | R62: 10302 | S62: 324 | T62: 78.75 | U62: 12496 | V62: 407 | Z62: =SUM(T62+W62) -> 78.75 | AA62: =RANK(Z62,Z$2:Z$9631,0) -> 457 | AB62: 51 | AC62: 7998 | AD62: 170 | AI62: 62 | AJ62: 79 | AK62: 3903 | AL62: 69 | AM62: 49 | AN62: 73 | AO62: 5563 | AP62: 361
A63: 441 | B63: 09 | C63: 09111708 | D63: 杨柳 | E63: 女 | F63: 物生政 | G63: 2005270908 | H63: 389.63 | I63: 11356 | J63: 643 | K63: =SUM(N63+Q63+T63+W63+AB63) -> 235.63 | L63: =VLOOKUP(G63,[1]物理类!$F:$Q,12,FALSE) -> 12021 | M63: =RANK(K63,K$2:K$916,0) -> 753 | N63: 108 | O63: 8077 | P63: =RANK(N63,N$2:N$9631,0) -> 205 | Q63: 28 | R63: 18213 | S63: 804 | T63: 80.63 | U63: 11983 | V63: 352 | Z63: =SUM(T63+W63) -> 80.63 | AA63: =RANK(Z63,Z$2:Z$9631,0) -> 402 | AB63: 19 | AC63: 13758 | AD63: 862 | AI63: 47 | AJ63: 69 | AK63: 7597 | AL63: 380 | AM63: 63 | AN63: 85 | AO63: 1241 | AP63: 39
A64: 442 | B64: 09 | C64: 09051509 | D64: 蔡沛滢 | E64: 女 | F64: 物生政 | G64: 2005270909 | H64: 503.5 | I64: 5147 | J64: 35 | K64: =SUM(N64+Q64+T64+W64+AB64) -> 334.5 | L64: =VLOOKUP(G64,[1]物理类!$F:$Q,12,FALSE) -> 5864 | M64: =RANK(K64,K$2:K$916,0) -> 61 | N64: 110 | O64: 6475 | P64: =RANK(N64,N$2:N$9631,0) -> 140 | Q64: 74 | R64: 6408 | S64: 117 | T64: 92.5 | U64: 8522 | V64: 158 | Z64: =SUM(T64+W64) -> 92.5 | AA64: =RANK(Z64,Z$2:Z$9631,0) -> 193 | AB64: 58 | AC64: 6423 | AD64: 89 | AI64: 60 | AJ64: 78 | AK64: 4431 | AL64: 104 | AM64: 75 | AN64: 91 | AO64: 97 | AP64: 1
A65: 443 | B65: 09 | C65: 09083210 | D65: 曾星语 | E65: 女 | F65: 物生政 | G65: 2005270910 | H65: 380.75 | I65: 11746 | J65: 703 | K65: =SUM(N65+Q65+T65+W65+AB65) -> 222.75 | L65: =VLOOKUP(G65,[1]物理类!$F:$Q,12,FALSE) -> 12524 | M65: =RANK(K65,K$2:K$916,0) -> 816 | N65: 100 | O65: 14571 | P65: =RANK(N65,N$2:N$9631,0) -> 546 | Q65: 52 | R65: 11878 | S65: 414 | T65: 53.75 | U65: 17953 | V65: 798 | Z65: =SUM(T65+W65) -> 53.75 | AA65: =RANK(Z65,Z$2:Z$9631,0) -> 856 | AB65: 17 | AC65: 13947 | AD65: 880 | AI65: 61 | AJ65: 79 | AK65: 3903 | AL65: 69 | AM65: 56 | AN65: 79 | AO65: 3435 | AP65: 191
A66: 444 | B66: 09 | C66: 09034111 | D66: 陈嘉乐 | E66: 男 | F66: 物生政 | G66: 2005270911 | H66: 420.5 | I66: 9807 | J66: 406 | K66: =SUM(N66+Q66+T66+W66+AB66) -> 274.5 | L66: =VLOOKUP(G66,[1]物理类!$F:$Q,12,FALSE) -> 9926 | M66: =RANK(K66,K$2:K$916,0) -> 430 | N66: 101 | O66: 13862 | P66: =RANK(N66,N$2:N$9631,0) -> 499 | Q66: 51 | R66: 12144 | S66: 437 | T66: 82.5 | U66: 11449 | V66: 331 | Z66: =SUM(T66+W66) -> 82.5 | AA66: =RANK(Z66,Z$2:Z$9631,0) -> 378 | AB66: 40 | AC66: 10281 | AD66: 403 | AI66: 47 | AJ66: 69 | AK66: 7597 | AL66: 380 | AM66: 54 | AN66: 77 | AO66: 4065 | AP66: 246
A67: 445 | B67: 09 | C67: 09033912 | D67: 陈锦怡 | E67: 女 | F67: 物生政 | G67: 2005270912 | H67: 415.63 | I67: 10076 | J67: 450 | K67: =SUM(N67+Q67+T67+W67+AB67) -> 272.63 | L67: =VLOOKUP(G67,[1]物理类!$F:$Q,12,FALSE) -> 10036 | M67: =RANK(K67,K$2:K$916,0) -> 447 | N67: 106 | O67: 9791 | P67: =RANK(N67,N$2:N$9631,0) -> 284 | Q67: 42 | R67: 14477 | S67: 604 | T67: 95.63 | U67: 7627 | V67: 123 | Z67: =SUM(T67+W67) -> 95.63 | AA67: =RANK(Z67,Z$2:Z$9631,0) -> 156 | AB67: 29 | AC67: 12322 | AD67: 679 | AI67: 47 | AJ67: 69 | AK67: 7597 | AL67: 380 | AM67: 50 | AN67: 74 | AO67: 5257 | AP67: 337
... A95: 475 | B95: 09 | C95: 09133742 | D95: 宋欣妍 | E95: 女 | F95: 物生政 | G95: 2005270942 | H95: 309.38 | I95: 13839 | J95: 901 | K95: =SUM(N95+Q95+T95+W95+AB95) -> 174.38 | L95: =VLOOKUP(G95,[1]物理类!$F:$Q,12,FALSE) -> 13744 | M95: =RANK(K95,K$2:K$916,0) -> 904 | N95: 79 | O95: 21136 | P95: =RANK(N95,N$2:N$9631,0) -> 902 | Q95: 38 | R95: 15590 | S95: 669 | T95: 39.38 | U95: 19398 | V95: 849 | Z95: =SUM(T95+W95) -> 39.38 | AA95: =RANK(Z95,Z$2:Z$9631,0) -> 907 | AB95: 18 | AC95: 13859 | AD95: 878 | AI95: 45 | AJ95: 68 | AK95: 7991 | AL95: 425 | AM95: 42 | AN95: 67 | AO95: 7060 | AP95: 456
A96: 478 | B96: 10 | C96: 10200101 | D96: 廖锦婷 | E96: 女 | F96: 物化政 | G96: 2005271001 | H96: 507.88 | I96: 4881 | J96: 31 | K96: =SUM(N96+Q96+T96+W96+AB96) -> 339.88 | L96: =VLOOKUP(G96,[1]物理类!$F:$Q,12,FALSE) -> 5486 | M96: =RANK(K96,K$2:K$916,0) -> 45 | N96: 117 | O96: 2103 | P96: =RANK(N96,N$2:N$9631,0) -> 23 | Q96: 71 | R96: 7125 | S96: 148 | T96: 106.88 | U96: 4640 | V96: 32 | Z96: =SUM(T96+W96) -> 106.88 | AA96: =RANK(Z96,Z$2:Z$9631,0) -> 48 | AB96: 45 | AC96: 9270 | AD96: 291 | AE96: 69 | AF96: 80 | AG96: 4547 | AH96: 41 | AM96: 70 | AN96: 88 | AO96: 390 | AP96: 6
A97: 479 | B97: 10 | C97: 10110202 | D97: 尹薇 | E97: 女 | F97: 物化政 | G97: 2005271002 | H97: 462.75 | I97: 7495 | J97: 143 | K97: =SUM(N97+Q97+T97+W97+AB97) -> 303.75 | L97: =VLOOKUP(G97,[1]物理类!$F:$Q,12,FALSE) -> 8064 | M97: =RANK(K97,K$2:K$916,0) -> 196 | N97: 114.5 | O97: 3420 | P97: =RANK(N97,N$2:N$9631,0) -> 48 | Q97: 57 | R97: 10544 | S97: 337 | T97: 86.25 | U97: 10351 | V97: 243 | Z97: =SUM(T97+W97) -> 86.25 | AA97: =RANK(Z97,Z$2:Z$9631,0) -> 287 | AB97: 46 | AC97: 9052 | AD97: 261 | AE97: 59 | AF97: 75 | AG97: 6995 | AH97: 135 | AM97: 61 | AN97: 84 | AO97: 1690 | AP97: 67
A98: 481 | B98: 10 | C98: 10200304 | D98: 王宝琪 | E98: 女 | F98: 物化政 | G98: 2005271004 | H98: 454.38 | I98: 7969 | J98: 182 | K98: =SUM(N98+Q98+T98+W98+AB98) -> 302.38 | L98: =VLOOKUP(G98,[1]物理类!$F:$Q,12,FALSE) -> 8172 | M98: =RANK(K98,K$2:K$916,0) -> 213 | N98: 110.5 | O98: 6084 | P98: =RANK(N98,N$2:N$9631,0) -> 121 | Q98: 52 | R98: 11878 | S98: 414 | T98: 96.88 | U98: 7257 | V98: 109 | Z98: =SUM(T98+W98) -> 96.88 | AA98: =RANK(Z98,Z$2:Z$9631,0) -> 138 | AB98: 43 | AC98: 9674 | AD98: 324 | AE98: 54 | AF98: 72 | AG98: 8578 | AH98: 269 | AM98: 57 | AN98: 80 | AO98: 3148 | AP98: 166
A99: 482 | B99: 10 | C99: 10181705 | D99: 郭子霆 | E99: 男 | F99: 物化政 | G99: 2005271005 | H99: 475.63 | I99: 6718 | J99: 96 | K99: =SUM(N99+Q99+T99+W99+AB99) -> 327.63 | L99: =VLOOKUP(G99,[1]物理类!$F:$Q,12,FALSE) -> 6311 | M99: =RANK(K99,K$2:K$916,0) -> 78 | N99: 100.5 | O99: 14261 | P99: =RANK(N99,N$2:N$9631,0) -> 527 | Q99: 100 | R99: 1406 | S99: 9 | T99: 63.13 | U99: 16289 | V99: 711 | Z99: =SUM(T99+W99) -> 63.13 | AA99: =RANK(Z99,Z$2:Z$9631,0) -> 769 | AB99: 64 | AC99: 5131 | AD99: 49 | AE99: 67 | AF99: 79 | AG99: 5117 | AH99: 61 | AM99: 45 | AN99: 69 | AO99: 6590 | AP99: 431
A100: 483 | B100: 10 | C100: 10140606 | D100: 王开奕 | E100: 男 | F100: 物化政 | G100: 2005271006 | H100: 459.88 | I100: 7649 | J100: 152 | K100: =SUM(N100+Q100+T100+W100+AB100) -> 306.88 | L100: =VLOOKUP(G100,[1]物理类!$F:$Q,12,FALSE) -> 7834 | M100: =RANK(K100,K$2:K$916,0) -> 183 | N100: 115.5 | O100: 2876 | P100: =RANK(N100,N$2:N$9631,0) -> 36 | Q100: 66 | R100: 8292 | S100: 204 | T100: 74.38 | U100: 13667 | V100: 506 | Z100: =SUM(T100+W100) -> 74.38 | AA100: =RANK(Z100,Z$2:Z$9631,0) -> 561 | AB100: 51 | AC100: 7998 | AD100: 170 | AE100: 52 | AF100: 71 | AG100: 9052 | AH100: 309 | AM100: 59 | AN100: 82 | AO100: 2554 | AP100: 118
A101: 484 | B101: 10 | C101: 10111207 | D101: 蒙焕梅 | E101: 女 | F101: 物化政 | G101: 2005271007 | H101: 420.25 | I101: 9822 | J101: 410 | K101: =SUM(N101+Q101+T101+W101+AB101) -> 264.25 | L101: =VLOOKUP(G101,[1]物理类!$F:$Q,12,FALSE) -> 10543 | M101: =RANK(K101,K$2:K$916,0) -> 523 | N101: 109.5 | O101: 6880 | P101: =RANK(N101,N$2:N$9631,0) -> 152 | Q101: 28 | R101: 18213 | S101: 804 | T101: 98.75 | U101: 6736 | V101: 83 | Z101: =SUM(T101+W101) -> 98.75 | AA101: =RANK(Z101,Z$2:Z$9631,0) -> 108 | AB101: 28 | AC101: 12476 | AD101: 705 | AE101: 50 | AF101: 69 | AG101: 9518 | AH101: 354 | AM101: 68 | AN101: 87 | AO101: 596 | AP101: 11
A102: 485 | B102: 10 | C102: 10190108 | D102: 蒋一敏 | E102: 女 | F102: 物化政 | G102: 2005271008 | H102: 482.13 | I102: 6325 | J102: 75 | K102: =SUM(N102+Q102+T102+W102+AB102) -> 322.13 | L102: =VLOOKUP(G102,[1]物理类!$F:$Q,12,FALSE) -> 6692 | M102: =RANK(K102,K$2:K$916,0) -> 94 | N102: 116 | O102: 2600 | P102: =RANK(N102,N$2:N$9631,0) -> 34 | Q102: 58 | R102: 10302 | S102: 324 | T102: 93.13 | U102: 8337 | V102: 149 | Z102: =SUM(T102+W102) -> 93.13 | AA102: =RANK(Z102,Z$2:Z$9631,0) -> 184 | AB102: 55 | AC102: 7128 | AD102: 117 | AE102: 58 | AF102: 74 | AG102: 7514 | AH102: 164 | AM102: 66 | AN102: 86 | AO102: 880 | AP102: 23
A103: 486 | B103: 10 | C103: 10151709 | D103: 区嘉铧 | E103: 女 | F103: 物化政 | G103: 2005271009 | H103: 475 | I103: 6756 | J103: 101 | K103: =SUM(N103+Q103+T103+W103+AB103) -> 323 | L103: =VLOOKUP(G103,[1]物理类!$F:$Q,12,FALSE) -> 6626 | M103: =RANK(K103,K$2:K$916,0) -> 90 | N103: 119.5 | O103: 1175 | P103: =RANK(N103,N$2:N$9631,0) -> 8 | Q103: 68 | R103: 7840 | S103: 181 | T103: 82.5 | U103: 11449 | V103: 331 | Z103: =SUM(T103+W103) -> 82.5 | AA103: =RANK(Z103,Z$2:Z$9631,0) -> 378 | AB103: 53 | AC103: 7564 | AD103: 136 | AE103: 57 | AF103: 74 | AG103: 7514 | AH103: 164 | AM103: 55 | AN103: 78 | AO103: 3738 | AP103: 223
A104: 487 | B104: 10 | C104: 10161910 | D104: 粟金圣 | E104: 男 | F104: 物化政 | G104: 2005271010 | H104: 515.13 | I104: 4487 | J104: 23 | K104: =SUM(N104+Q104+T104+W104+AB104) -> 351.13 | L104: =VLOOKUP(G104,[1]物理类!$F:$Q,12,FALSE) -> 4725 | M104: =RANK(K104,K$2:K$916,0) -> 29 | N104: 122 | O104: 609 | P104: =RANK(N104,N$2:N$9631,0) -> 2 | Q104: 62 | R104: 9323 | S104: 269 | T104: 83.13 | U104: 11258 | V104: 316 | Z104: =SUM(T104+W104) -> 83.13 | AA104: =RANK(Z104,Z$2:Z$9631,0) -> 362 | AB104: 84 | AC104: 1353 | AD104: 3 | AE104: 63 | AF104: 77 | AG104: 6180 | AH104: 91 | AM104: 67 | AN104: 87 | AO104: 596 | AP104: 11
A105: 488 | B105: 10 | C105: 10201211 | D105: 何文聪 | E105: 男 | F105: 物化政 | G105: 2005271011 | H105: 411.5 | I105: 10297 | J105: 483 | K105: =SUM(N105+Q105+T105+W105+AB105) -> 269.5 | L105: =VLOOKUP(G105,[1]物理类!$F:$Q,12,FALSE) -> 10238 | M105: =RANK(K105,K$2:K$916,0) -> 472 | N105: 97.5 | O105: 16168 | P105: =RANK(N105,N$2:N$9631,0) -> 651 | Q105: 49 | R105: 12666 | S105: 466 | T105: 90 | U105: 9219 | V105: 189 | Z105: =SUM(T105+W105) -> 90 | AA105: =RANK(Z105,Z$2:Z$9631,0) -> 228 | AB105: 33 | AC105: 11631 | AD105: 575 | AE105: 38 | AF105: 62 | AG105: 12138 | AH105: 664 | AM105: 57 | AN105: 80 | AO105: 3148 | AP105: 166
A106: 489 | B106: 10 | C106: 10080812 | D106: 张可欣 | E106: 女 | F106: 物化政 | G106: 2005271012 | H106: 390.5 | I106: 11295 | J106: 635 | K106: =SUM(N106+Q106+T106+W106+AB106) -> 257.5 | L106: =VLOOKUP(G106,[1]物理类!$F:$Q,12,FALSE) -> 10921 | M106: =RANK(K106,K$2:K$916,0) -> 575 | N106: 103 | O106: 12292 | P106: =RANK(N106,N$2:N$9631,0) -> 412 | Q106: 47 | R106: 13204 | S106: 504 | T106: 82.5 | U106: 11449 | V106: 331 | Z106: =SUM(T106+W106) -> 82.5 | AA106: =RANK(Z106,Z$2:Z$9631,0) -> 378 | AB106: 25 | AC106: 12950 | AD106: 769 | AE106: 29 | AF106: 56 | AG106: 13434 | AH106: 775 | AM106: 54 | AN106: 77 | AO106: 4065 | AP106: 246
A107: 490 | B107: 10 | C107: 10220613 | D107: 张景华 | E107: 男 | F107: 物化政 | G107: 2005271013 | H107: 431.06 | I107: 9277 | J107: 334 | K107: =SUM(N107+Q107+T107+W107+AB107) -> 289.06 | L107: =VLOOKUP(G107,[1]物理类!$F:$Q,12,FALSE) -> 9036 | M107: =RANK(K107,K$2:K$916,0) -> 307 | N107: 108 | O107: 8077 | P107: =RANK(N107,N$2:N$9631,0) -> 205 | Q107: 65 | R107: 8552 | S107: 215 | T107: 74.06 | U107: 13831 | V107: 512 | Z107: =SUM(T107+W107) -> 74.06 | AA107: =RANK(Z107,Z$2:Z$9631,0) -> 567 | AB107: 42 | AC107: 9870 | AD107: 348 | AE107: 34 | AF107: 60 | AG107: 12610 | AH107: 713 | AM107: 59 | AN107: 82 | AO107: 2554 | AP107: 118
... A210: 594 | B210: 11 | C210: 11075559 | D210: 杨永鸿 | E210: 男 | F210: 物化政 | G210: 2005271159 | H210: 316.25 | I210: 13720 | J210: 895 | K210: =SUM(N210+Q210+T210+W210+AB210) -> 201.25 | L210: =VLOOKUP(G210,[1]物理类!$F:$Q,12,FALSE) -> 13217 | M210: =RANK(K210,K$2:K$916,0) -> 885 | N210: 103.5 | O210: 11888 | P210: =RANK(N210,N$2:N$9631,0) -> 393 | Q210: 14 | R210: 20982 | S210: 901 | T210: 58.75 | U210: 17134 | V210: 761 | Z210: =SUM(T210+W210) -> 58.75 | AA210: =RANK(Z210,Z$2:Z$9631,0) -> 819 | AB210: 25 | AC210: 12950 | AD210: 769 | AE210: 28 | AF210: 56 | AG210: 13434 | AH210: 775 | AM210: 32 | AN210: 59 | AO210: 8521 | AP210: 505
A211: 595 | B211: 12 | C211: 12114401 | D211: 胡展豪 | E211: 男 | F211: 物化地 | G211: 2005271201 | H211: 390.25 | I211: 11314 | J211: 637 | K211: =SUM(N211+Q211+T211+W211+AB211) -> 249.25 | L211: =VLOOKUP(G211,[1]物理类!$F:$Q,12,FALSE) -> 11370 | M211: =RANK(K211,K$2:K$916,0) -> 653 | N211: 92.5 | O211: 18517 | P211: =RANK(N211,N$2:N$9631,0) -> 796 | Q211: 49 | R211: 12666 | S211: 466 | T211: 63.75 | U211: 16163 | V211: 702 | Z211: =SUM(T211+W211) -> 63.75 | AA211: =RANK(Z211,Z$2:Z$9631,0) -> 760 | AB211: 44 | AC211: 9471 | AD211: 308 | AE211: 39 | AF211: 63 | AG211: 11748 | AH211: 610 | AQ211: 75 | AR211: 78 | AS211: 4148 | AT211: 210
A212: 596 | B212: 12 | C212: 12161802 | D212: 岑国贤 | E212: 男 | F212: 物化地 | G212: 2005271202 | H212: 420.25 | I212: 9822 | J212: 410 | K212: =SUM(N212+Q212+T212+W212+AB212) -> 270.25 | L212: =VLOOKUP(G212,[1]物理类!$F:$Q,12,FALSE) -> 10185 | M212: =RANK(K212,K$2:K$916,0) -> 464 | N212: 96.5 | O212: 16686 | P212: =RANK(N212,N$2:N$9631,0) -> 683 | Q212: 53 | R212: 11613 | S212: 400 | T212: 73.75 | U212: 13842 | V212: 513 | Z212: =SUM(T212+W212) -> 73.75 | AA212: =RANK(Z212,Z$2:Z$9631,0) -> 568 | AB212: 47 | AC212: 8842 | AD212: 239 | AE212: 55 | AF212: 73 | AG212: 8081 | AH212: 216 | AQ212: 74 | AR212: 77 | AS212: 4573 | AT212: 250
A213: 597 | B213: 12 | C213: 12021803 | D213: 袁巧君 | E213: 女 | F213: 物化地 | G213: 2005271203 | H213: 364.63 | I213: 12393 | J213: 779 | K213: =SUM(N213+Q213+T213+W213+AB213) -> 227.63 | L213: =VLOOKUP(G213,[1]物理类!$F:$Q,12,FALSE) -> 12355 | M213: =RANK(K213,K$2:K$916,0) -> 799 | N213: 98 | O213: 15873 | P213: =RANK(N213,N$2:N$9631,0) -> 632 | Q213: 36 | R213: 16150 | S213: 699 | T213: 60.63 | U213: 16783 | V213: 746 | Z213: =SUM(T213+W213) -> 60.63 | AA213: =RANK(Z213,Z$2:Z$9631,0) -> 804 | AB213: 33 | AC213: 11631 | AD213: 575 | AE213: 41 | AF213: 64 | AG213: 11568 | AH213: 585 | AQ213: 71 | AR213: 73 | AS213: 5921 | AT213: 346
A214: 598 | B214: 12 | C214: 12110804 | D214: 梁恩琪 | E214: 女 | F214: 物化地 | G214: 2005271204 | H214: 439.63 | I214: 8810 | J214: 275 | K214: =SUM(N214+Q214+T214+W214+AB214) -> 277.63 | L214: =VLOOKUP(G214,[1]物理类!$F:$Q,12,FALSE) -> 9735 | M214: =RANK(K214,K$2:K$916,0) -> 395 | N214: 108 | O214: 8077 | P214: =RANK(N214,N$2:N$9631,0) -> 205 | Q214: 54 | R214: 11375 | S214: 388 | T214: 75.63 | U214: 13338 | V214: 488 | Z214: =SUM(T214+W214) -> 75.63 | AA214: =RANK(Z214,Z$2:Z$9631,0) -> 543 | AB214: 40 | AC214: 10281 | AD214: 403 | AE214: 63 | AF214: 77 | AG214: 6180 | AH214: 91 | AQ214: 81 | AR214: 85 | AS214: 1346 | AT214: 39
A215: 599 | B215: 12 | C215: 12051605 | D215: 刘锦坤 | E215: 男 | F215: 物化地 | G215: 2005271205 | H215: 391.13 | I215: 11266 | J215: 632 | K215: =SUM(N215+Q215+T215+W215+AB215) -> 252.13 | L215: =VLOOKUP(G215,[1]物理类!$F:$Q,12,FALSE) -> 11220 | M215: =RANK(K215,K$2:K$916,0) -> 624 | N215: 101.5 | O215: 13507 | P215: =RANK(N215,N$2:N$9631,0) -> 476 | Q215: 52 | R215: 11878 | S215: 414 | T215: 60.63 | U215: 16783 | V215: 746 | Z215: =SUM(T215+W215) -> 60.63 | AA215: =RANK(Z215,Z$2:Z$9631,0) -> 804 | AB215: 38 | AC215: 10646 | AD215: 441 | AE215: 55 | AF215: 73 | AG215: 8081 | AH215: 216 | AQ215: 63 | AR215: 66 | AS215: 8533 | AT215: 526
A216: 600 | B216: 12 | C216: 12192106 | D216: 潘继烨 | E216: 男 | F216: 物化地 | G216: 2005271206 | H216: 415.5 | I216: 10090 | J216: 452 | K216: =SUM(N216+Q216+T216+W216+AB216) -> 257.5 | L216: =VLOOKUP(G216,[1]物理类!$F:$Q,12,FALSE) -> 10921 | M216: =RANK(K216,K$2:K$916,0) -> 575 | N216: 90.5 | O216: 19213 | P216: =RANK(N216,N$2:N$9631,0) -> 831 | Q216: 45 | R216: 13691 | S216: 542 | T216: 80 | U216: 12160 | V216: 374 | Z216: =SUM(T216+W216) -> 80 | AA216: =RANK(Z216,Z$2:Z$9631,0) -> 424 | AB216: 42 | AC216: 9870 | AD216: 348 | AE216: 56 | AF216: 73 | AG216: 8081 | AH216: 216 | AQ216: 81 | AR216: 85 | AS216: 1346 | AT216: 39
A217: 601 | B217: 12 | C217: 12163107 | D217: 张添发 | E217: 男 | F217: 物化地 | G217: 2005271207 | H217: 431.25 | I217: 9263 | J217: 333 | K217: =SUM(N217+Q217+T217+W217+AB217) -> 280.25 | L217: =VLOOKUP(G217,[1]物理类!$F:$Q,12,FALSE) -> 9569 | M217: =RANK(K217,K$2:K$916,0) -> 373 | N217: 104.5 | O217: 11039 | P217: =RANK(N217,N$2:N$9631,0) -> 356 | Q217: 43 | R217: 14226 | S217: 583 | T217: 78.75 | U217: 12496 | V217: 407 | Z217: =SUM(T217+W217) -> 78.75 | AA217: =RANK(Z217,Z$2:Z$9631,0) -> 457 | AB217: 54 | AC217: 7347 | AD217: 122 | AE217: 50 | AF217: 69 | AG217: 9518 | AH217: 354 | AQ217: 78 | AR217: 82 | AS217: 2807 | AT217: 122
A218: 602 | B218: 12 | C218: 12242308 | D218: 韦雨桐 | E218: 女 | F218: 物化地 | G218: 2005271208 | H218: 455.38 | I218: 7912 | J218: 175 | K218: =SUM(N218+Q218+T218+W218+AB218) -> 297.38 | L218: =VLOOKUP(G218,[1]物理类!$F:$Q,12,FALSE) -> 8510 | M218: =RANK(K218,K$2:K$916,0) -> 246 | N218: 109 | O218: 7251 | P218: =RANK(N218,N$2:N$9631,0) -> 175 | Q218: 46 | R218: 13454 | S218: 525 | T218: 99.38 | U218: 6558 | V218: 77 | Z218: =SUM(T218+W218) -> 99.38 | AA218: =RANK(Z218,Z$2:Z$9631,0) -> 102 | AB218: 43 | AC218: 9674 | AD218: 324 | AE218: 61 | AF218: 76 | AG218: 6743 | AH218: 116 | AQ218: 78 | AR218: 82 | AS218: 2807 | AT218: 122
A219: 603 | B219: 12 | C219: 12080209 | D219: 张欣锜 | E219: 女 | F219: 物化地 | G219: 2005271209 | H219: 410.63 | I219: 10342 | J219: 493 | K219: =SUM(N219+Q219+T219+W219+AB219) -> 280.63 | L219: =VLOOKUP(G219,[1]物理类!$F:$Q,12,FALSE) -> 9544 | M219: =RANK(K219,K$2:K$916,0) -> 367 | N219: 112 | O219: 5002 | P219: =RANK(N219,N$2:N$9631,0) -> 90 | Q219: 50 | R219: 12383 | S219: 453 | T219: 70.63 | U219: 14643 | V219: 582 | Z219: =SUM(T219+W219) -> 70.63 | AA219: =RANK(Z219,Z$2:Z$9631,0) -> 638 | AB219: 48 | AC219: 8615 | AD219: 225 | AE219: 43 | AF219: 65 | AG219: 11159 | AH219: 522 | AQ219: 62 | AR219: 65 | AS219: 8742 | AT219: 537
A220: 604 | B220: 12 | C220: 12113510 | D220: 谢惊鸿 | E220: 男 | F220: 物化地 | G220: 2005271210 | H220: 402.75 | I220: 10737 | J220: 554 | K220: =SUM(N220+Q220+T220+W220+AB220) -> 256.75 | L220: =VLOOKUP(G220,[1]物理类!$F:$Q,12,FALSE) -> 10966 | M220: =RANK(K220,K$2:K$916,0) -> 583 | N220: 105.5 | O220: 10233 | P220: =RANK(N220,N$2:N$9631,0) -> 306 | Q220: 47 | R220: 13204 | S220: 504 | T220: 76.25 | U220: 13173 | V220: 471 | Z220: =SUM(T220+W220) -> 76.25 | AA220: =RANK(Z220,Z$2:Z$9631,0) -> 525 | AB220: 28 | AC220: 12476 | AD220: 705 | AE220: 44 | AF220: 66 | AG220: 10755 | AH220: 492 | AQ220: 76 | AR220: 80 | AS220: 3690 | AT220: 180
A221: 605 | B221: 12 | C221: 12111511 | D221: 林炳贤 | E221: 男 | F221: 物化地 | G221: 2005271211 | H221: 448.88 | I221: 8288 | J221: 208 | K221: =SUM(N221+Q221+T221+W221+AB221) -> 293.88 | L221: =VLOOKUP(G221,[1]物理类!$F:$Q,12,FALSE) -> 8725 | M221: =RANK(K221,K$2:K$916,0) -> 268 | N221: 114.5 | O221: 3420 | P221: =RANK(N221,N$2:N$9631,0) -> 48 | Q221: 65 | R221: 8552 | S221: 215 | T221: 79.38 | U221: 12341 | V221: 388 | Z221: =SUM(T221+W221) -> 79.38 | AA221: =RANK(Z221,Z$2:Z$9631,0) -> 438 | AB221: 35 | AC221: 11243 | AD221: 521 | AE221: 55 | AF221: 73 | AG221: 8081 | AH221: 216 | AQ221: 78 | AR221: 82 | AS221: 2807 | AT221: 122
A222: 606 | B222: 12 | C222: 12102712 | D222: 朱育炜 | E222: 男 | F222: 物化地 | G222: 2005271212 | H222: 430.25 | I222: 9321 | J222: 340 | K222: =SUM(N222+Q222+T222+W222+AB222) -> 279.25 | L222: =VLOOKUP(G222,[1]物理类!$F:$Q,12,FALSE) -> 9636 | M222: =RANK(K222,K$2:K$916,0) -> 379 | N222: 94 | O222: 17891 | P222: =RANK(N222,N$2:N$9631,0) -> 760 | Q222: 48 | R222: 12936 | S222: 481 | T222: 76.25 | U222: 13173 | V222: 471 | Z222: =SUM(T222+W222) -> 76.25 | AA222: =RANK(Z222,Z$2:Z$9631,0) -> 525 | AB222: 61 | AC222: 5787 | AD222: 68 | AE222: 51 | AF222: 70 | AG222: 9285 | AH222: 332 | AQ222: 77 | AR222: 81 | AS222: 3262 | AT222: 150
... A505: 889 | B505: 17 | C505: 17085359 | D505: 谢禹豪 | E505: 男 | F505: 物化地 | G505: 2005271759 | H505: 402.5 | I505: 10747 | J505: 555 | K505: =SUM(N505+Q505+T505+W505+AB505) -> 265.5 | L505: =VLOOKUP(G505,[1]物理类!$F:$Q,12,FALSE) -> 10469 | M505: =RANK(K505,K$2:K$916,0) -> 518 | N505: 98.5 | O505: 15615 | P505: =RANK(N505,N$2:N$9631,0) -> 618 | Q505: 63 | R505: 9055 | S505: 252 | T505: 85 | U505: 10715 | V505: 274 | Z505: =SUM(T505+W505) -> 85 | AA505: =RANK(Z505,Z$2:Z$9631,0) -> 319 | AB505: 19 | AC505: 13758 | AD505: 862 | AE505: 42 | AF505: 65 | AG505: 11159 | AH505: 522 | AQ505: 70 | AR505: 72 | AS505: 6342 | AT505: 385
A506: 890 | B506: 18 | C506: 18180501 | D506: 梁逸韶 | E506: 男 | F506: 物化生 | G506: 2005271801 | H506: 482.38 | I506: 6313 | J506: 72 | K506: =SUM(N506+Q506+T506+W506+AB506) -> 339.38 | L506: =VLOOKUP(G506,[1]物理类!$F:$Q,12,FALSE) -> 5522 | M506: =RANK(K506,K$2:K$916,0) -> 46 | N506: 101 | O506: 13862 | P506: =RANK(N506,N$2:N$9631,0) -> 499 | Q506: 100 | R506: 1406 | S506: 9 | T506: 89.38 | U506: 9437 | V506: 196 | Z506: =SUM(T506+W506) -> 89.38 | AA506: =RANK(Z506,Z$2:Z$9631,0) -> 236 | AB506: 49 | AC506: 8412 | AD506: 198 | AE506: 63 | AF506: 77 | AG506: 6180 | AH506: 91 | AI506: 41 | AJ506: 66 | AK506: 8684 | AL506: 507
A507: 891 | B507: 18 | C507: 18190202 | D507: 陈炳军 | E507: 男 | F507: 物化生 | G507: 2005271802 | H507: 501.75 | I507: 5249 | J507: 38 | K507: =SUM(N507+Q507+T507+W507+AB507) -> 340.75 | L507: =VLOOKUP(G507,[1]物理类!$F:$Q,12,FALSE) -> 5432 | M507: =RANK(K507,K$2:K$916,0) -> 43 | N507: 102 | O507: 13065 | P507: =RANK(N507,N$2:N$9631,0) -> 461 | Q507: 74 | R507: 6408 | S507: 117 | T507: 98.75 | U507: 6736 | V507: 83 | Z507: =SUM(T507+W507) -> 98.75 | AA507: =RANK(Z507,Z$2:Z$9631,0) -> 108 | AB507: 66 | AC507: 4673 | AD507: 40 | AE507: 73 | AF507: 83 | AG507: 3420 | AH507: 23 | AI507: 60 | AJ507: 78 | AK507: 4431 | AL507: 104
A508: 892 | B508: 18 | C508: 18180603 | D508: 许刘权 | E508: 男 | F508: 物化生 | G508: 2005271803 | H508: 466.5 | I508: 7263 | J508: 122 | K508: =SUM(N508+Q508+T508+W508+AB508) -> 327.5 | L508: =VLOOKUP(G508,[1]物理类!$F:$Q,12,FALSE) -> 6317 | M508: =RANK(K508,K$2:K$916,0) -> 79 | N508: 99 | O508: 15281 | P508: =RANK(N508,N$2:N$9631,0) -> 591 | Q508: 69 | R508: 7606 | S508: 167 | T508: 77.5 | U508: 12843 | V508: 443 | Z508: =SUM(T508+W508) -> 77.5 | AA508: =RANK(Z508,Z$2:Z$9631,0) -> 497 | AB508: 82 | AC508: 1625 | AD508: 6 | AE508: 42 | AF508: 65 | AG508: 11159 | AH508: 522 | AI508: 54 | AJ508: 74 | AK508: 5937 | AL508: 211
A509: 893 | B509: 18 | C509: 18110604 | D509: 蔡镇羽 | E509: 男 | F509: 物化生 | G509: 2005271804 | H509: 466 | I509: 7294 | J509: 124 | K509: =SUM(N509+Q509+T509+W509+AB509) -> 315 | L509: =VLOOKUP(G509,[1]物理类!$F:$Q,12,FALSE) -> 7240 | M509: =RANK(K509,K$2:K$916,0) -> 131 | N509: 106.5 | O509: 9392 | P509: =RANK(N509,N$2:N$9631,0) -> 259 | Q509: 56 | R509: 10843 | S509: 354 | T509: 102.5 | U509: 5755 | V509: 50 | Z509: =SUM(T509+W509) -> 102.5 | AA509: =RANK(Z509,Z$2:Z$9631,0) -> 72 | AB509: 50 | AC509: 8210 | AD509: 184 | AE509: 57 | AF509: 74 | AG509: 7514 | AH509: 164 | AI509: 59 | AJ509: 77 | AK509: 4706 | AL509: 125
A510: 894 | B510: 18 | C510: 18210905 | D510: 欧俊言 | E510: 男 | F510: 物化生 | G510: 2005271805 | H510: 501.13 | I510: 5271 | J510: 39 | K510: =SUM(N510+Q510+T510+W510+AB510) -> 345.13 | L510: =VLOOKUP(G510,[1]物理类!$F:$Q,12,FALSE) -> 5147 | M510: =RANK(K510,K$2:K$916,0) -> 41 | N510: 93.5 | O510: 18120 | P510: =RANK(N510,N$2:N$9631,0) -> 772 | Q510: 97 | R510: 1801 | S510: 18 | T510: 90.63 | U510: 9051 | V510: 183 | Z510: =SUM(T510+W510) -> 90.63 | AA510: =RANK(Z510,Z$2:Z$9631,0) -> 221 | AB510: 64 | AC510: 5131 | AD510: 49 | AE510: 63 | AF510: 77 | AG510: 6180 | AH510: 91 | AI510: 62 | AJ510: 79 | AK510: 3903 | AL510: 69
A511: 895 | B511: 18 | C511: 18011606 | D511: 宋镇铧 | E511: 男 | F511: 物化生 | G511: 2005271806 | H511: 454.88 | I511: 7945 | J511: 180 | K511: =SUM(N511+Q511+T511+W511+AB511) -> 298.88 | L511: =VLOOKUP(G511,[1]物理类!$F:$Q,12,FALSE) -> 8403 | M511: =RANK(K511,K$2:K$916,0) -> 237 | N511: 119 | O511: 1333 | P511: =RANK(N511,N$2:N$9631,0) -> 10 | Q511: 63 | R511: 9055 | S511: 252 | T511: 76.88 | U511: 13016 | V511: 458 | Z511: =SUM(T511+W511) -> 76.88 | AA511: =RANK(Z511,Z$2:Z$9631,0) -> 512 | AB511: 40 | AC511: 10281 | AD511: 403 | AE511: 59 | AF511: 75 | AG511: 6995 | AH511: 135 | AI511: 64 | AJ511: 81 | AK511: 3192 | AL511: 41
A512: 896 | B512: 18 | C512: 18180307 | D512: 郭梓茵 | E512: 女 | F512: 物化生 | G512: 2005271807 | H512: 460.25 | I512: 7631 | J512: 151 | K512: =SUM(N512+Q512+T512+W512+AB512) -> 321.25 | L512: =VLOOKUP(G512,[1]物理类!$F:$Q,12,FALSE) -> 6766 | M512: =RANK(K512,K$2:K$916,0) -> 95 | N512: 115 | O512: 3122 | P512: =RANK(N512,N$2:N$9631,0) -> 39 | Q512: 76 | R512: 5928 | S512: 96 | T512: 81.25 | U512: 11825 | V512: 346 | Z512: =SUM(T512+W512) -> 81.25 | AA512: =RANK(Z512,Z$2:Z$9631,0) -> 396 | AB512: 49 | AC512: 8412 | AD512: 198 | AE512: 36 | AF512: 61 | AG512: 12322 | AH512: 682 | AI512: 60 | AJ512: 78 | AK512: 4431 | AL512: 104
A513: 897 | B513: 18 | C513: 18211008 | D513: 颜芷萱 | E513: 女 | F513: 物化生 | G513: 2005271808 | H513: 448.75 | I513: 8296 | J513: 210 | K513: =SUM(N513+Q513+T513+W513+AB513) -> 292.75 | L513: =VLOOKUP(G513,[1]物理类!$F:$Q,12,FALSE) -> 8783 | M513: =RANK(K513,K$2:K$916,0) -> 277 | N513: 114 | O513: 3696 | P513: =RANK(N513,N$2:N$9631,0) -> 56 | Q513: 62 | R513: 9323 | S513: 269 | T513: 83.75 | U513: 11085 | V513: 304 | Z513: =SUM(T513+W513) -> 83.75 | AA513: =RANK(Z513,Z$2:Z$9631,0) -> 349 | AB513: 33 | AC513: 11631 | AD513: 575 | AE513: 63 | AF513: 77 | AG513: 6180 | AH513: 91 | AI513: 61 | AJ513: 79 | AK513: 3903 | AL513: 69
A514: 898 | B514: 18 | C514: 18010409 | D514: 谢汉权 | E514: 男 | F514: 物化生 | G514: 2005271809 | H514: 453.75 | I514: 8008 | J514: 183 | K514: =SUM(N514+Q514+T514+W514+AB514) -> 303.75 | L514: =VLOOKUP(G514,[1]物理类!$F:$Q,12,FALSE) -> 8064 | M514: =RANK(K514,K$2:K$916,0) -> 196 | N514: 103 | O514: 12292 | P514: =RANK(N514,N$2:N$9631,0) -> 412 | Q514: 80 | R514: 4983 | S514: 73 | T514: 73.75 | U514: 13842 | V514: 513 | Z514: =SUM(T514+W514) -> 73.75 | AA514: =RANK(Z514,Z$2:Z$9631,0) -> 568 | AB514: 47 | AC514: 8842 | AD514: 239 | AE514: 58 | AF514: 74 | AG514: 7514 | AH514: 164 | AI514: 57 | AJ514: 76 | AK514: 5201 | AL514: 147
A515: 899 | B515: 18 | C515: 18193010 | D515: 李鑫润 | E515: 男 | F515: 物化生 | G515: 2005271810 | H515: 393 | I515: 11191 | J515: 620 | K515: =SUM(N515+Q515+T515+W515+AB515) -> 249 | L515: =VLOOKUP(G515,[1]物理类!$F:$Q,12,FALSE) -> 11384 | M515: =RANK(K515,K$2:K$916,0) -> 654 | N515: 94.5 | O515: 17705 | P515: =RANK(N515,N$2:N$9631,0) -> 746 | Q515: 48 | R515: 12936 | S515: 481 | T515: 57.5 | U515: 17352 | V515: 768 | Z515: =SUM(T515+W515) -> 57.5 | AA515: =RANK(Z515,Z$2:Z$9631,0) -> 826 | AB515: 49 | AC515: 8412 | AD515: 198 | AE515: 68 | AF515: 80 | AG515: 4547 | AH515: 41 | AI515: 38 | AJ515: 64 | AK515: 9144 | AL515: 559
A516: 900 | B516: 18 | C516: 18072511 | D516: 潘思颖 | E516: 女 | F516: 物化生 | G516: 2005271811 | H516: 456.5 | I516: 7851 | J516: 172 | K516: =SUM(N516+Q516+T516+W516+AB516) -> 300.5 | L516: =VLOOKUP(G516,[1]物理类!$F:$Q,12,FALSE) -> 8293 | M516: =RANK(K516,K$2:K$916,0) -> 224 | N516: 104.5 | O516: 11039 | P516: =RANK(N516,N$2:N$9631,0) -> 356 | Q516: 73 | R516: 6637 | S516: 129 | T516: 80 | U516: 12160 | V516: 374 | Z516: =SUM(T516+W516) -> 80 | AA516: =RANK(Z516,Z$2:Z$9631,0) -> 424 | AB516: 43 | AC516: 9674 | AD516: 324 | AE516: 63 | AF516: 77 | AG516: 6180 | AH516: 91 | AI516: 61 | AJ516: 79 | AK516: 3903 | AL516: 69
A517: 901 | B517: 18 | C517: 18030712 | D517: 寇俊杰 | E517: 男 | F517: 物化生 | G517: 2005271812 | H517: 412.25 | I517: 10265 | J517: 476 | K517: =SUM(N517+Q517+T517+W517+AB517) -> 267.25 | L517: =VLOOKUP(G517,[1]物理类!$F:$Q,12,FALSE) -> 10363 | M517: =RANK(K517,K$2:K$916,0) -> 492 | N517: 109.5 | O517: 6880 | P517: =RANK(N517,N$2:N$9631,0) -> 152 | Q517: 48 | R517: 12936 | S517: 481 | T517: 73.75 | U517: 13842 | V517: 513 | Z517: =SUM(T517+W517) -> 73.75 | AA517: =RANK(Z517,Z$2:Z$9631,0) -> 568 | AB517: 36 | AC517: 11038 | AD517: 486 | AE517: 48 | AF517: 68 | AG517: 10049 | AH517: 412 | AI517: 59 | AJ517: 77 | AK517: 4706 | AL517: 125
... A563: 947 | B563: 18 | C563: 18185458 | D563: 李万城 | E563: 男 | F563: 物化生 | G563: 2005271858 | H563: 365.88 | I563: 12346 | J563: 772 | K563: =SUM(N563+Q563+T563+W563+AB563) -> 229.88 | L563: =VLOOKUP(G563,[1]物理类!$F:$Q,12,FALSE) -> 12268 | M563: =RANK(K563,K$2:K$916,0) -> 785 | N563: 98.5 | O563: 15615 | P563: =RANK(N563,N$2:N$9631,0) -> 618 | Q563: 33 | R563: 16960 | S563: 740 | T563: 79.38 | U563: 12341 | V563: 388 | Z563: =SUM(T563+W563) -> 79.38 | AA563: =RANK(Z563,Z$2:Z$9631,0) -> 438 | AB563: 19 | AC563: 13758 | AD563: 862 | AE563: 49 | AF563: 69 | AG563: 9518 | AH563: 354 | AI563: 43 | AJ563: 67 | AK563: 8374 | AL563: 465
A564: 948 | B564: 18 | C564: 18250259 | D564: 杨锦秀 | E564: 女 | F564: 物化生 | G564: 2005271859 | L564: =VLOOKUP(G564,[1]物理类!$F:$Q,12,FALSE) -> 0 | Z564: =SUM(T564+W564) -> 0 | AA564: =RANK(Z564,Z$2:Z$9631,0) -> 910
A565: 949 | B565: 19 | C565: 19020301 | D565: 郭振宇 | E565: 男 | F565: 物化生 | G565: 2005271901 | H565: 445.13 | I565: 8507 | J565: 230 | K565: =SUM(N565+Q565+T565+W565+AB565) -> 301.13 | L565: =VLOOKUP(G565,[1]物理类!$F:$Q,12,FALSE) -> 8247 | M565: =RANK(K565,K$2:K$916,0) -> 219 | N565: 103 | O565: 12292 | P565: =RANK(N565,N$2:N$9631,0) -> 412 | Q565: 53 | R565: 11613 | S565: 400 | T565: 78.13 | U565: 12671 | V565: 426 | Z565: =SUM(T565+W565) -> 78.13 | AA565: =RANK(Z565,Z$2:Z$9631,0) -> 478 | AB565: 67 | AC565: 4480 | AD565: 35 | AE565: 56 | AF565: 73 | AG565: 8081 | AH565: 216 | AI565: 49 | AJ565: 71 | AK565: 7169 | AL565: 332
A566: 950 | B566: 19 | C566: 19021202 | D566: 陈静仪 | E566: 女 | F566: 物化生 | G566: 2005271902 | H566: 469.88 | I566: 7078 | J566: 117 | K566: =SUM(N566+Q566+T566+W566+AB566) -> 311.88 | L566: =VLOOKUP(G566,[1]物理类!$F:$Q,12,FALSE) -> 7490 | M566: =RANK(K566,K$2:K$916,0) -> 153 | N566: 102.5 | O566: 12724 | P566: =RANK(N566,N$2:N$9631,0) -> 433 | Q566: 76 | R566: 5928 | S566: 96 | T566: 94.38 | U566: 7967 | V566: 135 | Z566: =SUM(T566+W566) -> 94.38 | AA566: =RANK(Z566,Z$2:Z$9631,0) -> 169 | AB566: 39 | AC566: 10485 | AD566: 424 | AE566: 73 | AF566: 83 | AG566: 3420 | AH566: 23 | AI566: 55 | AJ566: 75 | AK566: 5678 | AL566: 186
A567: 951 | B567: 19 | C567: 19011903 | D567: 饶欣雨 | E567: 女 | F567: 物化生 | G567: 2005271903 | H567: 498.75 | I567: 5408 | J567: 42 | K567: =SUM(N567+Q567+T567+W567+AB567) -> 344.75 | L567: =VLOOKUP(G567,[1]物理类!$F:$Q,12,FALSE) -> 5167 | M567: =RANK(K567,K$2:K$916,0) -> 42 | N567: 106.5 | O567: 9392 | P567: =RANK(N567,N$2:N$9631,0) -> 259 | Q567: 79 | R567: 5216 | S567: 77 | T567: 96.25 | U567: 7430 | V567: 119 | Z567: =SUM(T567+W567) -> 96.25 | AA567: =RANK(Z567,Z$2:Z$9631,0) -> 150 | AB567: 63 | AC567: 5367 | AD567: 53 | AE567: 69 | AF567: 80 | AG567: 4547 | AH567: 41 | AI567: 54 | AJ567: 74 | AK567: 5937 | AL567: 211
A568: 952 | B568: 19 | C568: 19010604 | D568: 梁梓瑜 | E568: 女 | F568: 物化生 | G568: 2005271904 | H568: 434.5 | I568: 9076 | J568: 310 | K568: =SUM(N568+Q568+T568+W568+AB568) -> 284.5 | L568: =VLOOKUP(G568,[1]物理类!$F:$Q,12,FALSE) -> 9321 | M568: =RANK(K568,K$2:K$916,0) -> 346 | N568: 102 | O568: 13065 | P568: =RANK(N568,N$2:N$9631,0) -> 461 | Q568: 48 | R568: 12936 | S568: 481 | T568: 92.5 | U568: 8522 | V568: 158 | Z568: =SUM(T568+W568) -> 92.5 | AA568: =RANK(Z568,Z$2:Z$9631,0) -> 193 | AB568: 42 | AC568: 9870 | AD568: 348 | AE568: 49 | AF568: 69 | AG568: 9518 | AH568: 354 | AI568: 64 | AJ568: 81 | AK568: 3192 | AL568: 41
A569: 953 | B569: 19 | C569: 19130305 | D569: 周扬姝 | E569: 女 | F569: 物化生 | G569: 2005271905 | H569: 439.88 | I569: 8799 | J569: 274 | K569: =SUM(N569+Q569+T569+W569+AB569) -> 302.88 | L569: =VLOOKUP(G569,[1]物理类!$F:$Q,12,FALSE) -> 8134 | M569: =RANK(K569,K$2:K$916,0) -> 206 | N569: 110.5 | O569: 6084 | P569: =RANK(N569,N$2:N$9631,0) -> 121 | Q569: 46 | R569: 13454 | S569: 525 | T569: 114.38 | U569: 2838 | V569: 15 | Z569: =SUM(T569+W569) -> 114.38 | AA569: =RANK(Z569,Z$2:Z$9631,0) -> 24 | AB569: 32 | AC569: 11800 | AD569: 607 | AE569: 43 | AF569: 65 | AG569: 11159 | AH569: 522 | AI569: 50 | AJ569: 72 | AK569: 6673 | AL569: 279
A570: 954 | B570: 19 | C570: 19011506 | D570: 林昱辰 | E570: 男 | F570: 物化生 | G570: 2005271906 | H570: 409.63 | I570: 10393 | J570: 499 | K570: =SUM(N570+Q570+T570+W570+AB570) -> 260.63 | L570: =VLOOKUP(G570,[1]物理类!$F:$Q,12,FALSE) -> 10753 | M570: =RANK(K570,K$2:K$916,0) -> 548 | N570: 110.5 | O570: 6084 | P570: =RANK(N570,N$2:N$9631,0) -> 121 | Q570: 27 | R570: 18461 | S570: 819 | T570: 88.13 | U570: 9801 | V570: 219 | Z570: =SUM(T570+W570) -> 88.13 | AA570: =RANK(Z570,Z$2:Z$9631,0) -> 261 | AB570: 35 | AC570: 11243 | AD570: 521 | AE570: 51 | AF570: 70 | AG570: 9285 | AH570: 332 | AI570: 61 | AJ570: 79 | AK570: 3903 | AL570: 69
A571: 955 | B571: 19 | C571: 19211507 | D571: 邓雨菲 | E571: 女 | F571: 物化生 | G571: 2005271907 | H571: 414.63 | I571: 10136 | J571: 457 | K571: =SUM(N571+Q571+T571+W571+AB571) -> 271.63 | L571: =VLOOKUP(G571,[1]物理类!$F:$Q,12,FALSE) -> 10092 | M571: =RANK(K571,K$2:K$916,0) -> 453 | N571: 122 | O571: 609 | P571: =RANK(N571,N$2:N$9631,0) -> 2 | Q571: 43 | R571: 14226 | S571: 583 | T571: 70.63 | U571: 14643 | V571: 582 | Z571: =SUM(T571+W571) -> 70.63 | AA571: =RANK(Z571,Z$2:Z$9631,0) -> 638 | AB571: 36 | AC571: 11038 | AD571: 486 | AE571: 61 | AF571: 76 | AG571: 6743 | AH571: 116 | AI571: 42 | AJ571: 67 | AK571: 8374 | AL571: 465
A572: 956 | B572: 19 | C572: 19011208 | D572: 郭子琪 | E572: 女 | F572: 物化生 | G572: 2005271908 | H572: 365.88 | I572: 12346 | J572: 772 | K572: =SUM(N572+Q572+T572+W572+AB572) -> 231.88 | L572: =VLOOKUP(G572,[1]物理类!$F:$Q,12,FALSE) -> 12187 | M572: =RANK(K572,K$2:K$916,0) -> 773 | N572: 100 | O572: 14571 | P572: =RANK(N572,N$2:N$9631,0) -> 546 | Q572: 33 | R572: 16960 | S572: 740 | T572: 71.88 | U572: 14322 | V572: 547 | Z572: =SUM(T572+W572) -> 71.88 | AA572: =RANK(Z572,Z$2:Z$9631,0) -> 603 | AB572: 27 | AC572: 12644 | AD572: 728 | AE572: 49 | AF572: 69 | AG572: 9518 | AH572: 354 | AI572: 40 | AJ572: 65 | AK572: 8848 | AL572: 526
A573: 957 | B573: 19 | C573: 19121209 | D573: 陈倩宇 | E573: 女 | F573: 物化生 | G573: 2005271909 | H573: 443 | I573: 8624 | J573: 243 | K573: =SUM(N573+Q573+T573+W573+AB573) -> 301 | L573: =VLOOKUP(G573,[1]物理类!$F:$Q,12,FALSE) -> 8259 | M573: =RANK(K573,K$2:K$916,0) -> 222 | N573: 105 | O573: 10617 | P573: =RANK(N573,N$2:N$9631,0) -> 326 | Q573: 61 | R573: 9576 | S573: 283 | T573: 100 | U573: 6407 | V573: 69 | Z573: =SUM(T573+W573) -> 100 | AA573: =RANK(Z573,Z$2:Z$9631,0) -> 93 | AB573: 35 | AC573: 11243 | AD573: 521 | AE573: 61 | AF573: 76 | AG573: 6743 | AH573: 116 | AI573: 41 | AJ573: 66 | AK573: 8684 | AL573: 507
A574: 958 | B574: 19 | C574: 19071610 | D574: 邓子杨 | E574: 男 | F574: 物化生 | G574: 2005271910 | H574: 413.25 | I574: 10208 | J574: 467 | K574: =SUM(N574+Q574+T574+W574+AB574) -> 275.25 | L574: =VLOOKUP(G574,[1]物理类!$F:$Q,12,FALSE) -> 9882 | M574: =RANK(K574,K$2:K$916,0) -> 421 | N574: 96.5 | O574: 16686 | P574: =RANK(N574,N$2:N$9631,0) -> 683 | Q574: 44 | R574: 13946 | S574: 565 | T574: 103.75 | U574: 5441 | V574: 45 | Z574: =SUM(T574+W574) -> 103.75 | AA574: =RANK(Z574,Z$2:Z$9631,0) -> 64 | AB574: 31 | AC574: 11968 | AD574: 629 | AE574: 38 | AF574: 62 | AG574: 12138 | AH574: 664 | AI574: 56 | AJ574: 76 | AK574: 5201 | AL574: 147
A575: 959 | B575: 19 | C575: 19012311 | D575: 车钰怡 | E575: 女 | F575: 物化生 | G575: 2005271911 | H575: 379.13 | I575: 11809 | J575: 708 | K575: =SUM(N575+Q575+T575+W575+AB575) -> 239.13 | L575: =VLOOKUP(G575,[1]物理类!$F:$Q,12,FALSE) -> 11882 | M575: =RANK(K575,K$2:K$916,0) -> 730 | N575: 110.5 | O575: 6084 | P575: =RANK(N575,N$2:N$9631,0) -> 121 | Q575: 24 | R575: 19222 | S575: 847 | T575: 70.63 | U575: 14643 | V575: 582 | Z575: =SUM(T575+W575) -> 70.63 | AA575: =RANK(Z575,Z$2:Z$9631,0) -> 638 | AB575: 34 | AC575: 11425 | AD575: 548 | AE575: 54 | AF575: 72 | AG575: 8578 | AH575: 269 | AI575: 44 | AJ575: 68 | AK575: 7991 | AL575: 425
A576: 960 | B576: 19 | C576: 19100412 | D576: 胡梓烨 | E576: 女 | F576: 物化生 | G576: 2005271912 | H576: 421.13 | I576: 9780 | J576: 401 | K576: =SUM(N576+Q576+T576+W576+AB576) -> 270.13 | L576: =VLOOKUP(G576,[1]物理类!$F:$Q,12,FALSE) -> 10192 | M576: =RANK(K576,K$2:K$916,0) -> 467 | N576: 97.5 | O576: 16168 | P576: =RANK(N576,N$2:N$9631,0) -> 651 | Q576: 51 | R576: 12144 | S576: 437 | T576: 85.63 | U576: 10523 | V576: 260 | Z576: =SUM(T576+W576) -> 85.63 | AA576: =RANK(Z576,Z$2:Z$9631,0) -> 305 | AB576: 36 | AC576: 11038 | AD576: 486 | AE576: 69 | AF576: 80 | AG576: 4547 | AH576: 41 | AI576: 49 | AJ576: 71 | AK576: 7169 | AL576: 332
... A603: 988 | B603: 19 | C603: 19012440 | D603: 张可昕 | E603: 女 | F603: 物化生 | G603: 2005271940 | H603: 413.88 | I603: 10169 | J603: 463 | K603: =SUM(N603+Q603+T603+W603+AB603) -> 282.88 | L603: =VLOOKUP(G603,[1]物理类!$F:$Q,12,FALSE) -> 9421 | M603: =RANK(K603,K$2:K$916,0) -> 356 | N603: 102.5 | O603: 12724 | P603: =RANK(N603,N$2:N$9631,0) -> 433 | Q603: 61 | R603: 9576 | S603: 283 | T603: 74.38 | U603: 13667 | V603: 506 | Z603: =SUM(T603+W603) -> 74.38 | AA603: =RANK(Z603,Z$2:Z$9631,0) -> 561 | AB603: 45 | AC603: 9270 | AD603: 291 | AE603: 40 | AF603: 63 | AG603: 11748 | AH603: 610 | AI603: 44 | AJ603: 68 | AK603: 7991 | AL603: 425
A604: 989 | B604: 19 | C604: 19084141 | D604: 任嘉俊 | E604: 男 | F604: 物化生 | G604: 2005271941 | L604: =VLOOKUP(G604,[1]物理类!$F:$Q,12,FALSE) -> 0 | Z604: =SUM(T604+W604) -> 0 | AA604: =RANK(Z604,Z$2:Z$9631,0) -> 910
A605: 990 | B605: 19 | C605: 19132642 | D605: 梁恩豪 | E605: 男 | F605: 物化生 | G605: 2005271942 | H605: 425.13 | I605: 9590 | J605: 371 | K605: =SUM(N605+Q605+T605+W605+AB605) -> 278.13 | L605: =VLOOKUP(G605,[1]物理类!$F:$Q,12,FALSE) -> 9700 | M605: =RANK(K605,K$2:K$916,0) -> 387 | N605: 102 | O605: 13065 | P605: =RANK(N605,N$2:N$9631,0) -> 461 | Q605: 55 | R605: 11089 | S605: 371 | T605: 78.13 | U605: 12671 | V605: 426 | Z605: =SUM(T605+W605) -> 78.13 | AA605: =RANK(Z605,Z$2:Z$9631,0) -> 478 | AB605: 43 | AC605: 9674 | AD605: 324 | AE605: 62 | AF605: 77 | AG605: 6180 | AH605: 91 | AI605: 48 | AJ605: 70 | AK605: 7403 | AL605: 358
A606: 991 | B606: 19 | C606: 19083743 | D606: 邱梓祺 | E606: 男 | F606: 物化生 | G606: 2005271943 | H606: 441.75 | I606: 8694 | J606: 253 | K606: =SUM(N606+Q606+T606+W606+AB606) -> 293.75 | L606: =VLOOKUP(G606,[1]物理类!$F:$Q,12,FALSE) -> 8732 | M606: =RANK(K606,K$2:K$916,0) -> 270 | N606: 110 | O606: 6475 | P606: =RANK(N606,N$2:N$9631,0) -> 140 | Q606: 53 | R606: 11613 | S606: 400 | T606: 78.75 | U606: 12496 | V606: 407 | Z606: =SUM(T606+W606) -> 78.75 | AA606: =RANK(Z606,Z$2:Z$9631,0) -> 457 | AB606: 52 | AC606: 7787 | AD606: 157 | AE606: 55 | AF606: 73 | AG606: 8081 | AH606: 216 | AI606: 55 | AJ606: 75 | AK606: 5678 | AL606: 186
A607: 992 | B607: 19 | C607: 19082644 | D607: 傅智童 | E607: 男 | F607: 物化生 | G607: 2005271944 | H607: 403.88 | I607: 10681 | J607: 545 | K607: =SUM(N607+Q607+T607+W607+AB607) -> 250.88 | L607: =VLOOKUP(G607,[1]物理类!$F:$Q,12,FALSE) -> 11288 | M607: =RANK(K607,K$2:K$916,0) -> 637 | N607: 91 | O607: 19035 | P607: =RANK(N607,N$2:N$9631,0) -> 823 | Q607: 40 | R607: 15025 | S607: 642 | T607: 71.88 | U607: 14322 | V607: 547 | Z607: =SUM(T607+W607) -> 71.88 | AA607: =RANK(Z607,Z$2:Z$9631,0) -> 603 | AB607: 48 | AC607: 8615 | AD607: 225 | AE607: 70 | AF607: 81 | AG607: 4004 | AH607: 31 | AI607: 51 | AJ607: 72 | AK607: 6673 | AL607: 279
A608: 993 | B608: 19 | C608: 19222845 | D608: 吴梓豪 | E608: 男 | F608: 物化生 | G608: 2005271945 | H608: 377 | I608: 11894 | J608: 718 | K608: =SUM(N608+Q608+T608+W608+AB608) -> 256 | L608: =VLOOKUP(G608,[1]物理类!$F:$Q,12,FALSE) -> 11001 | M608: =RANK(K608,K$2:K$916,0) -> 589 | N608: 97 | O608: 16423 | P608: =RANK(N608,N$2:N$9631,0) -> 664 | Q608: 37 | R608: 15873 | S608: 685 | T608: 70 | U608: 14775 | V608: 593 | Z608: =SUM(T608+W608) -> 70 | AA608: =RANK(Z608,Z$2:Z$9631,0) -> 649 | AB608: 52 | AC608: 7787 | AD608: 157 | AE608: 29 | AF608: 56 | AG608: 13434 | AH608: 775 | AI608: 39 | AJ608: 65 | AK608: 8848 | AL608: 526
A609: 994 | B609: 19 | C609: 19093146 | D609: 尹舰标 | E609: 男 | F609: 物化生 | G609: 2005271946 | H609: 389 | I609: 11395 | J609: 652 | K609: =SUM(N609+Q609+T609+W609+AB609) -> 250 | L609: =VLOOKUP(G609,[1]物理类!$F:$Q,12,FALSE) -> 11332 | M609: =RANK(K609,K$2:K$916,0) -> 646 | N609: 107.5 | O609: 8551 | P609: =RANK(N609,N$2:N$9631,0) -> 228 | Q609: 40 | R609: 15025 | S609: 642 | T609: 62.5 | U609: 16404 | V609: 722 | Z609: =SUM(T609+W609) -> 62.5 | AA609: =RANK(Z609,Z$2:Z$9631,0) -> 780 | AB609: 40 | AC609: 10281 | AD609: 403 | AE609: 46 | AF609: 67 | AG609: 10520 | AH609: 464 | AI609: 51 | AJ609: 72 | AK609: 6673 | AL609: 279
...
